component,设备数量,非末端数量,馈线数量,馈线,power_source,feeder_trace
1,28748,26119,119,"TMP00000002,TMP00000067,TMP00000005,TMP00000127,TMP00000166,TMP00000076,TMP00000070,TMP00000129,TMP00000047,TMP00000013,TMP00000132,TMP00000008,TMP00000044,TMP00000050,TMP00000010,TMP00000125,TMP00000009,TMP00000099,TMP00000163,TMP00000034,TMP00000060,TMP00000156,TMP00000123,TMP00000136,TMP00000090,TMP00000135,TMP00000179,TMP00000058,TMP00000128,TMP00000104,TMP00000120,TMP00000137,TMP00000116,TMP00000093,TMP00000043,TMP00000072,TMP00000051,TMP00000106,TMP00000140,TMP00000078,TMP00000077,TMP00000073,TMP00000092,TMP00000134,TMP00000138,TMP00000139,TMP00000149,TMP00000133,TMP00000088,TMP00000115,TMP00000019,TMP00000011,TMP00000082,TMP00000065,TMP00000071,TMP00000080,TMP00000177,TMP00000012,TMP00000062,TMP00000114,TMP00000148,TMP00000094,TMP00000022,TMP00000164,TMP00000101,TMP00000024,TMP00000162,TMP00000084,TMP00000130,TMP00000158,TMP00000117,TMP00000126,TMP00000048,TMP00000064,TMP00000109,TMP00000061,TMP00000006,TMP00000066,TMP00000055,TMP00000027,TMP00000085,TMP00000170,TMP00000180,TMP00000105,TMP00000121,TMP00000052,TMP00000063,TMP00000103,TMP00000167,TMP00000039,TMP00000068,TMP00000131,TMP00000029,TMP00000059,TMP00000181,TMP00000069,TMP00000014,TMP00000079,TMP00000174,TMP00000155,TMP00000033,TMP00000147,TMP00000056,TMP00000007,TMP00000091,TMP00000157,TMP00000100,TMP00000081,TMP00000057,TMP00000021,TMP00000118,TMP00000038,TMP00000016,TMP00000089,TMP00000160,TMP00000003,TMP00000165,TMP00000098,TMP00000185",True,True
4,1634,1338,1,TMP00000189,False,True
5,2,1,1,TMP00000113,False,True
6,911,813,4,"TMP00000095,TMP00000086,TMP00000146,TMP00000096",True,True
7,582,533,4,"TMP00000032,TMP00000026,TMP00000046,TMP00000042",True,True
9,1,1,1,TMP00000121,True,True
10,90,87,2,"TMP00000004,TMP00000181",True,True
11,103,101,1,TMP00000168,True,True
14,224,204,1,TMP00000144,True,True
17,364,311,1,TMP00000108,False,False
22,890,743,1,TMP00000188,False,True
23,148,146,1,TMP00000035,False,False
24,727,671,5,"TMP00000052,TMP00000001,TMP00000040,TMP00000045,TMP00000028",True,True
25,20,20,1,TMP00000083,False,False
26,114,97,1,TMP00000145,True,True
27,1,1,1,TMP00000111,False,False
28,69,67,2,"TMP00000017,TMP00000118",True,True
30,292,266,1,TMP00000161,False,False
35,425,381,2,"TMP00000102,TMP00000113",True,True
38,190,167,1,TMP00000111,False,False
40,1,1,1,TMP00000002,True,True
41,51,51,1,TMP00000176,False,True
42,2,1,1,TMP00000025,True,True
44,330,307,1,TMP00000188,False,True
46,393,359,2,"TMP00000159,TMP00000122",True,True
48,327,299,3,"TMP00000121,TMP00000075,TMP00000074",True,True
51,310,262,1,TMP00000087,False,True
52,1,1,1,TMP00000021,True,True
56,95,86,1,TMP00000143,False,False
65,215,211,3,"TMP00000053,TMP00000049,TMP00000030",False,False
66,41,40,1,TMP00000169,False,False
67,1,1,1,TMP00000013,True,True
71,266,244,1,TMP00000037,False,True
73,75,72,3,"TMP00000041,TMP00000042,TMP00000025",True,True
74,1,1,1,TMP00000027,True,True
75,46,45,1,TMP00000024,True,True
83,7,7,1,TMP00000140,False,False
86,1,1,1,TMP00000052,True,True
90,84,79,2,"TMP00000045,TMP00000046",True,True
91,51,46,1,TMP00000160,True,True
103,72,71,1,TMP00000077,True,True
104,188,163,1,TMP00000119,True,True
105,1,1,1,TMP00000162,True,True
106,51,49,1,TMP00000018,True,True
108,1,1,1,TMP00000189,False,True
109,1,1,1,TMP00000140,False,False
110,7,5,1,TMP00000147,True,True
112,1,1,1,TMP00000092,True,True
115,194,178,2,"TMP00000113,TMP00000054",True,True
116,1,1,1,TMP00000043,True,True
119,132,118,1,TMP00000112,False,False
128,180,155,3,"TMP00000173,TMP00000171,TMP00000172",True,True
142,20,17,1,TMP00000148,False,False
147,29,26,1,TMP00000050,True,True
152,262,230,2,"TMP00000020,TMP00000139",True,True
154,120,114,2,"TMP00000038,TMP00000036",True,True
155,14,10,1,TMP00000173,True,True
157,14,10,1,TMP00000137,True,True
159,125,122,1,TMP00000136,True,True
160,1,1,1,TMP00000014,True,True
162,1,1,1,TMP00000143,False,False
166,2,1,1,TMP00000113,False,True
172,1,1,1,TMP00000138,True,True
177,6,6,1,TMP00000023,False,False
179,77,68,1,TMP00000152,False,False
180,1,1,1,TMP00000076,True,True
183,1,1,1,TMP00000089,True,True
186,1,1,1,TMP00000089,True,True
202,1,1,1,TMP00000029,False,False
219,12,12,1,TMP00000140,False,False
222,7,7,1,TMP00000140,False,False
227,1,1,1,TMP00000140,False,False
235,20,20,1,TMP00000188,False,True
238,3,2,1,TMP00000052,True,True
242,35,35,1,TMP00000186,True,True
243,1,1,1,TMP00000071,True,True
245,1,1,1,TMP00000013,True,True
247,28,23,1,TMP00000188,False,True
250,51,46,1,TMP00000048,True,True
252,22,22,1,TMP00000117,True,True
257,1,1,1,TMP00000118,True,True
258,1,1,1,TMP00000027,True,True
267,1,1,1,TMP00000128,True,True
274,1,1,1,TMP00000043,True,True
275,5,5,1,TMP00000188,False,True
278,110,110,2,"TMP00000142,TMP00000141",True,True
279,89,81,2,"TMP00000056,TMP00000124",True,True
281,24,24,1,TMP00000023,False,False
283,1,1,1,TMP00000140,False,False
287,7,7,1,TMP00000140,False,False
300,24,24,1,TMP00000153,True,True
311,5,4,1,TMP00000091,True,True
315,3,3,1,TMP00000077,True,True
322,4,4,1,TMP00000023,False,False
324,1,1,1,TMP00000104,True,True
326,1,1,1,TMP00000188,False,True
330,1,1,1,TMP00000140,False,False
333,1,1,1,TMP00000167,False,True
342,1,1,1,TMP00000070,True,True
347,1,1,1,TMP00000140,False,False
351,1,1,1,TMP00000013,True,True
379,3,2,1,TMP00000003,True,True
381,1,1,1,TMP00000013,True,True
387,1,1,1,TMP00000050,True,True
388,1,1,1,TMP00000076,True,True
392,1,1,1,TMP00000071,True,True
394,6,4,1,TMP00000016,True,True
420,19,19,1,TMP00000101,True,True
424,1,1,1,TMP00000094,True,True
426,1,1,1,TMP00000017,True,True
430,1,1,1,TMP00000140,False,False
450,1,1,1,TMP00000036,True,True
453,1,1,1,TMP00000009,True,True
454,1,1,1,TMP00000140,False,False
456,7,7,1,TMP00000036,True,True
457,60,60,1,TMP00000015,True,True
464,1,1,1,TMP00000012,False,False
468,1,1,1,TMP00000188,False,True
470,1,1,1,TMP00000140,False,False
478,1,1,1,TMP00000122,False,False
483,1,1,1,TMP00000090,True,True
485,40,32,1,TMP00000124,True,True
487,3,3,1,TMP00000160,True,True
491,5,5,1,TMP00000016,True,True
492,1,1,1,TMP00000093,True,True
497,4,4,1,TMP00000150,False,False
499,1,1,1,TMP00000035,False,False
500,1,1,1,TMP00000054,True,True
513,2,1,1,TMP00000050,True,True
524,17,17,1,TMP00000183,True,True
538,13,9,1,TMP00000140,False,False
545,22,21,1,TMP00000110,False,False
546,1,1,1,TMP00000162,True,True
549,8,8,1,TMP00000169,False,False
554,1,1,1,TMP00000027,True,True
560,7,7,1,TMP00000091,True,True
562,1,1,1,TMP00000055,True,True
573,18,16,1,TMP00000104,True,True
576,1,1,1,TMP00000122,False,False
580,1,1,1,TMP00000013,True,True
586,1,1,1,TMP00000098,False,False
596,2,1,1,TMP00000103,True,True
600,2,2,1,TMP00000018,True,True
603,1,1,1,TMP00000035,False,False
607,1,1,1,TMP00000118,True,True
608,1,1,1,TMP00000102,True,True
621,1,1,1,TMP00000092,True,True
623,1,1,1,TMP00000125,True,True
624,1,1,1,TMP00000140,False,False
626,7,6,1,TMP00000040,True,True
636,5,5,1,TMP00000076,True,True
638,1,1,1,TMP00000142,True,True
639,8,7,1,TMP00000091,True,True
652,8,6,1,TMP00000055,True,True
654,1,1,1,TMP00000013,True,True
660,3,3,1,TMP00000148,False,False
666,1,1,1,TMP00000086,True,True
667,1,1,1,TMP00000089,True,True
671,1,1,1,TMP00000133,True,True
676,1,1,1,TMP00000138,True,True
677,1,1,1,TMP00000092,True,True
681,1,1,1,TMP00000021,True,True
683,1,1,1,TMP00000086,True,True
688,7,7,1,TMP00000085,True,True
703,15,11,1,TMP00000176,False,True
704,1,1,1,TMP00000036,True,True
709,1,1,1,TMP00000146,False,True
710,1,1,1,TMP00000090,True,True
711,22,22,1,TMP00000147,True,True
712,1,1,1,TMP00000013,True,True
713,1,1,1,TMP00000076,True,True
715,4,4,1,TMP00000046,True,True
716,17,15,1,TMP00000160,True,True
726,1,1,1,TMP00000027,True,True
733,2,1,1,TMP00000025,True,True
740,1,1,1,TMP00000140,False,False
741,1,1,1,TMP00000170,False,True
743,1,1,1,TMP00000121,True,True
755,20,20,1,TMP00000175,True,True
757,1,1,1,TMP00000188,False,True
763,2,1,1,TMP00000181,True,True
767,1,1,1,TMP00000009,True,True
779,8,8,1,TMP00000125,True,True
787,27,25,1,TMP00000099,True,True
789,1,1,1,TMP00000043,True,True
790,1,1,1,TMP00000013,True,True
797,20,16,1,TMP00000091,True,True
805,1,1,1,TMP00000138,True,True
812,1,1,1,TMP00000188,False,True
814,6,6,1,TMP00000082,True,True
825,1,1,1,TMP00000118,True,True
831,1,1,1,TMP00000093,True,True
840,16,16,1,TMP00000023,False,False
841,1,1,1,TMP00000167,False,True
848,1,1,1,TMP00000043,True,True
849,1,1,1,TMP00000089,True,True
857,1,1,1,TMP00000097,False,True
861,5,5,1,TMP00000027,True,True
866,1,1,1,TMP00000140,False,False
870,1,1,1,TMP00000047,True,True
875,1,1,1,TMP00000148,False,False
878,11,10,1,TMP00000188,False,True
889,1,1,1,TMP00000114,False,False
891,1,1,1,TMP00000116,True,True
893,8,8,1,TMP00000135,False,False
896,1,1,1,TMP00000112,False,False
907,2,1,1,TMP00000121,True,True
913,1,1,1,TMP00000014,True,True
915,1,1,1,TMP00000167,False,True
919,1,1,1,TMP00000012,False,False
924,1,1,1,TMP00000120,True,True
925,7,7,1,TMP00000060,True,True
937,1,1,1,TMP00000002,True,True
951,1,1,1,TMP00000104,True,True
970,3,2,1,TMP00000119,True,True
977,1,1,1,TMP00000130,False,False
983,1,1,1,TMP00000129,True,True
988,1,1,1,TMP00000098,False,False
989,2,1,1,TMP00000111,False,False
995,1,1,1,TMP00000013,True,True
998,14,10,1,TMP00000010,True,True
1002,1,1,1,TMP00000031,False,False
1003,11,9,1,TMP00000160,True,True
1004,1,1,1,TMP00000121,True,True
1010,1,1,1,TMP00000009,True,True
1017,1,1,1,TMP00000083,False,False
1019,1,1,1,TMP00000066,True,True
1022,1,1,1,TMP00000086,True,True
1024,1,1,1,TMP00000071,True,True
1033,13,12,1,TMP00000136,True,True
1034,1,1,1,TMP00000070,True,True
1040,8,8,1,TMP00000141,True,True
1047,15,11,1,TMP00000037,False,True
1049,2,1,1,TMP00000031,False,False
1056,19,19,1,TMP00000151,True,True
1061,1,1,1,TMP00000027,True,True
1071,1,1,1,TMP00000089,True,True
1078,1,1,1,TMP00000027,True,True
1082,1,1,1,TMP00000140,False,False
1083,1,1,1,TMP00000042,True,True
1091,1,1,1,TMP00000113,False,True
1100,1,1,1,TMP00000091,True,True
1102,12,11,1,TMP00000069,False,False
1139,1,1,1,TMP00000036,True,True
1156,1,1,1,TMP00000093,True,True
1160,7,5,1,TMP00000079,False,True
1161,1,1,1,TMP00000093,True,True
1172,2,1,1,TMP00000110,False,False
1209,2,2,1,TMP00000070,True,True
1236,1,1,1,TMP00000084,True,True
1241,1,1,1,TMP00000167,False,True
1244,1,1,1,TMP00000043,True,True
1253,1,1,1,TMP00000167,False,True
1256,8,8,1,TMP00000007,True,True
1261,12,12,1,TMP00000031,False,False
1263,1,1,1,TMP00000080,False,True
1271,1,1,1,TMP00000112,False,False
1272,1,1,1,TMP00000175,True,True
1275,1,1,1,TMP00000095,False,True
1281,1,1,1,TMP00000121,True,True
1283,1,1,1,TMP00000118,True,True
1309,1,1,1,TMP00000021,True,True
1313,1,1,1,TMP00000019,True,True
1324,1,1,1,TMP00000128,True,True
1325,1,1,1,TMP00000042,True,True
1341,1,1,1,TMP00000188,False,True
1344,1,1,1,TMP00000070,True,True
1348,1,1,1,TMP00000035,False,False
1357,1,1,1,TMP00000098,False,False
1358,1,1,1,TMP00000188,False,True
1361,1,1,1,TMP00000119,True,True
1370,2,1,1,TMP00000023,False,False
1380,1,1,1,TMP00000021,True,True
1395,4,4,1,TMP00000188,False,True
1400,3,2,1,TMP00000136,True,True
1408,1,1,1,TMP00000188,False,True
1412,1,1,1,TMP00000044,True,True
1428,1,1,1,TMP00000167,False,True
1437,1,1,1,TMP00000027,True,True
1439,1,1,1,TMP00000027,True,True
1447,8,8,1,TMP00000063,True,True
1449,1,1,1,TMP00000140,False,False
1465,1,1,1,TMP00000140,False,False
1483,2,2,1,TMP00000002,True,True
1487,1,1,1,TMP00000021,True,True
1496,1,1,1,TMP00000044,True,True
1503,1,1,1,TMP00000043,True,True
1506,14,10,1,TMP00000076,True,True
1512,1,1,1,TMP00000035,False,False
1518,1,1,1,TMP00000044,True,True
1520,1,1,1,TMP00000080,False,True
1526,1,1,1,TMP00000043,True,True
1532,1,1,1,TMP00000096,False,False
1537,1,1,1,TMP00000054,True,True
1541,2,1,1,TMP00000079,False,True
1545,1,1,1,TMP00000026,True,True
1554,1,1,1,TMP00000042,True,True
1567,1,1,1,TMP00000140,False,False
1578,1,1,1,TMP00000128,True,True
1588,20,16,1,TMP00000108,False,False
1589,1,1,1,TMP00000140,False,False
1591,1,1,1,TMP00000140,False,False
1594,1,1,1,TMP00000071,True,True
1595,1,1,1,TMP00000043,True,True
1598,2,1,1,TMP00000110,False,False
1599,1,1,1,TMP00000169,False,False
1611,1,1,1,TMP00000013,True,True
1613,11,11,1,TMP00000091,True,True
1614,2,1,1,TMP00000003,True,True
1616,1,1,1,TMP00000008,True,True
1620,1,1,1,TMP00000043,True,True
1629,1,1,1,TMP00000130,False,False
1654,2,1,1,TMP00000110,False,False
1660,1,1,1,TMP00000027,True,True
1662,1,1,1,TMP00000093,True,True
1676,1,1,1,TMP00000052,True,True
1691,1,1,1,TMP00000013,True,True
1700,1,1,1,TMP00000043,True,True
1707,1,1,1,TMP00000188,False,True
1709,1,1,1,TMP00000076,True,True
1732,1,1,1,TMP00000012,False,False
1734,1,1,1,TMP00000089,True,True
1740,1,1,1,TMP00000043,True,True
1752,1,1,1,TMP00000002,True,True
1773,1,1,1,TMP00000101,True,True
1783,1,1,1,TMP00000116,True,True
1803,2,1,1,TMP00000079,False,True
1804,1,1,1,TMP00000036,True,True
1815,1,1,1,TMP00000188,False,True
1816,1,1,1,TMP00000188,False,True
1819,1,1,1,TMP00000093,True,True
1827,1,1,1,TMP00000140,False,False
1830,1,1,1,TMP00000143,False,False
1832,1,1,1,TMP00000121,True,True
1851,4,4,1,TMP00000005,True,True
1862,1,1,1,TMP00000063,True,True
1863,1,1,1,TMP00000044,True,True
1865,2,1,1,TMP00000023,False,False
1870,7,7,1,TMP00000091,True,True
1879,1,1,1,TMP00000019,True,True
1889,1,1,1,TMP00000052,True,True
1899,1,1,1,TMP00000015,True,True
1900,1,1,1,TMP00000140,False,False
1916,5,3,1,TMP00000189,False,True
1919,10,9,1,TMP00000106,True,True
1931,1,1,1,TMP00000140,False,False
1934,1,1,1,TMP00000082,True,True
1940,3,3,1,TMP00000002,True,True
1944,1,1,1,TMP00000019,True,True
1951,1,1,1,TMP00000027,True,True
1966,1,1,1,TMP00000143,False,False
1970,1,1,1,TMP00000038,True,True
1996,1,1,1,TMP00000140,False,False
2008,2,2,1,TMP00000099,True,True
2011,17,17,1,TMP00000110,False,False
2016,4,4,1,TMP00000188,False,True
2019,1,1,1,TMP00000009,True,True
2025,1,1,1,TMP00000118,True,True
2028,1,1,1,TMP00000130,False,False
2031,1,1,1,TMP00000050,True,True
2041,2,2,1,TMP00000074,True,True
2066,1,1,1,TMP00000044,True,True
2069,1,1,1,TMP00000127,True,True
2093,1,1,1,TMP00000133,True,True
2094,1,1,1,TMP00000142,True,True
2101,1,1,1,TMP00000117,True,True
2106,1,1,1,TMP00000116,True,True
2117,1,1,1,TMP00000050,True,True
2123,1,1,1,TMP00000082,True,True
2133,1,1,1,TMP00000070,True,True
2147,2,1,1,TMP00000079,False,True
2151,1,1,1,TMP00000027,True,True
2163,1,1,1,TMP00000095,False,True
2179,1,1,1,TMP00000140,False,False
2185,1,1,1,TMP00000088,True,True
2198,1,1,1,TMP00000027,True,True
2222,1,1,1,TMP00000071,True,True
2231,1,1,1,TMP00000036,True,True
2238,1,1,1,TMP00000188,False,True
2244,1,1,1,TMP00000089,True,True
2276,1,1,1,TMP00000063,True,True
2284,1,1,1,TMP00000140,False,False
2299,1,1,1,TMP00000019,True,True
2312,1,1,1,TMP00000042,True,True
2323,1,1,1,TMP00000013,True,True
2326,1,1,1,TMP00000101,True,True
2334,1,1,1,TMP00000054,True,True
2340,1,1,1,TMP00000104,True,True
2342,1,1,1,TMP00000076,True,True
2355,8,8,1,TMP00000125,True,True
2356,1,1,1,TMP00000101,True,True
2359,7,7,1,TMP00000188,False,True
2362,8,8,1,TMP00000038,True,True
2374,3,2,1,TMP00000011,True,True
2394,1,1,1,TMP00000140,False,False
2404,7,7,1,TMP00000057,False,False
2421,1,1,1,TMP00000079,False,True
2464,2,2,1,TMP00000069,False,False
2482,1,1,1,TMP00000071,True,True
2483,1,1,1,TMP00000013,True,True
2495,1,1,1,TMP00000013,True,True
2496,1,1,1,TMP00000012,False,False
2506,1,1,1,TMP00000039,True,True
2519,1,1,1,TMP00000055,True,True
2539,1,1,1,TMP00000140,False,False
2540,4,3,1,TMP00000102,True,True
2568,1,1,1,TMP00000043,True,True
2586,1,1,1,TMP00000140,False,False
2587,1,1,1,TMP00000188,False,True
2598,1,1,1,TMP00000013,True,True
2600,2,1,1,TMP00000181,True,True
2620,1,1,1,TMP00000092,True,True
2631,1,1,1,TMP00000071,True,True
2644,1,1,1,TMP00000140,False,False
2646,1,1,1,TMP00000050,True,True
2652,1,1,1,TMP00000002,True,True
2661,1,1,1,TMP00000070,True,True
2666,1,1,1,TMP00000079,False,True
2675,1,1,1,TMP00000116,True,True
2677,1,1,1,TMP00000162,True,True
2691,1,1,1,TMP00000044,True,True
2696,6,6,1,TMP00000049,False,False
2699,1,1,1,TMP00000167,False,True
2704,1,1,1,TMP00000140,False,False
2715,1,1,1,TMP00000012,False,False
2742,1,1,1,TMP00000013,True,True
2745,1,1,1,TMP00000013,True,True
2749,1,1,1,TMP00000014,True,True
2760,1,1,1,TMP00000036,True,True
2785,1,1,1,TMP00000089,True,True
2819,1,1,1,TMP00000012,False,False
2821,1,1,1,TMP00000089,True,True
2828,4,3,1,TMP00000069,False,False
2842,1,1,1,TMP00000140,False,False
2862,1,1,1,TMP00000140,False,False
2891,1,1,1,TMP00000140,False,False
2894,1,1,1,TMP00000017,True,True
2902,1,1,1,TMP00000129,True,True
2904,1,1,1,TMP00000160,True,True
2905,5,5,1,TMP00000150,False,False
2910,1,1,1,TMP00000098,False,False
2917,1,1,1,TMP00000070,True,True
2921,1,1,1,TMP00000093,True,True
2928,1,1,1,TMP00000013,True,True
2943,1,1,1,TMP00000140,False,False
2945,1,1,1,TMP00000015,True,True
2946,1,1,1,TMP00000053,False,False
2955,1,1,1,TMP00000140,False,False
2960,1,1,1,TMP00000055,True,True
2967,2,1,1,TMP00000099,True,True
2978,1,1,1,TMP00000169,False,False
2980,1,1,1,TMP00000027,True,True
3004,3,2,1,TMP00000040,True,True
3005,2,1,1,TMP00000023,False,False
3006,1,1,1,TMP00000149,True,True
3015,1,1,1,TMP00000001,True,True
3028,16,16,1,TMP00000023,False,False
3034,1,1,1,TMP00000013,True,True
3044,1,1,1,TMP00000115,True,True
3048,1,1,1,TMP00000188,False,True
3049,1,1,1,TMP00000116,True,True
3050,1,1,1,TMP00000027,True,True
3052,1,1,1,TMP00000148,False,False
3053,1,1,1,TMP00000027,True,True
3059,1,1,1,TMP00000188,False,True
3064,1,1,1,TMP00000044,True,True
3066,1,1,1,TMP00000140,False,False
3109,7,7,1,TMP00000040,True,True
3121,1,1,1,TMP00000089,True,True
3123,1,1,1,TMP00000121,True,True
3131,1,1,1,TMP00000063,True,True
3133,1,1,1,TMP00000076,True,True
3138,1,1,1,TMP00000140,False,False
3141,1,1,1,TMP00000012,False,False
3144,1,1,1,TMP00000047,True,True
3145,1,1,1,TMP00000088,True,True
3146,1,1,1,TMP00000140,False,False
3147,2,1,1,TMP00000052,True,True
3150,1,1,1,TMP00000140,False,False
3161,1,1,1,TMP00000140,False,False
3164,1,1,1,TMP00000125,True,True
3172,1,1,1,TMP00000035,False,False
3178,1,1,1,TMP00000140,False,False
3184,1,1,1,TMP00000140,False,False
3195,7,7,1,TMP00000085,True,True
3204,1,1,1,TMP00000101,True,True
3214,1,1,1,TMP00000133,True,True
3217,1,1,1,TMP00000084,True,True
3230,1,1,1,TMP00000044,True,True
3240,1,1,1,TMP00000027,True,True
3245,1,1,1,TMP00000080,False,True
3249,1,1,1,TMP00000140,False,False
3258,1,1,1,TMP00000082,True,True
3260,1,1,1,TMP00000017,True,True
3261,1,1,1,TMP00000125,True,True
3287,1,1,1,TMP00000055,True,True
3290,6,6,1,TMP00000054,True,True
3304,1,1,1,TMP00000188,False,True
3307,1,1,1,TMP00000188,False,True
3324,1,1,1,TMP00000012,False,False
3327,1,1,1,TMP00000133,True,True
3348,1,1,1,TMP00000167,False,True
3351,1,1,1,TMP00000169,False,False
3361,2,1,1,TMP00000101,True,True
3378,1,1,1,TMP00000013,True,True
3397,1,1,1,TMP00000096,False,False
3398,1,1,1,TMP00000140,False,False
3407,1,1,1,TMP00000027,True,True
3409,1,1,1,TMP00000027,True,True
3412,1,1,1,TMP00000009,True,True
3422,1,1,1,TMP00000013,True,True
3423,1,1,1,TMP00000001,True,True
3428,1,1,1,TMP00000013,True,True
3449,1,1,1,TMP00000043,True,True
3450,1,1,1,TMP00000164,True,True
3454,1,1,1,TMP00000036,True,True
3467,1,1,1,TMP00000043,True,True
3468,1,1,1,TMP00000027,True,True
3472,7,7,1,TMP00000188,False,True
3474,1,1,1,TMP00000140,False,False
3487,8,8,1,TMP00000125,True,True
3500,1,1,1,TMP00000013,True,True
3502,2,2,1,TMP00000018,True,True
3512,1,1,1,TMP00000092,True,True
3538,1,1,1,TMP00000140,False,False
3561,1,1,1,TMP00000026,True,True
3567,1,1,1,TMP00000188,False,True
3579,1,1,1,TMP00000089,True,True
3584,1,1,1,TMP00000079,False,True
3588,1,1,1,TMP00000043,True,True
3589,1,1,1,TMP00000013,True,True
3597,1,1,1,TMP00000090,True,True
3601,1,1,1,TMP00000031,False,False
3607,1,1,1,TMP00000089,True,True
3612,1,1,1,TMP00000038,True,True
3615,1,1,1,TMP00000104,True,True
3659,5,5,1,TMP00000035,False,False
3682,1,1,1,TMP00000068,True,True
3696,1,1,1,TMP00000167,False,True
3701,1,1,1,TMP00000043,True,True
3702,1,1,1,TMP00000002,True,True
3726,1,1,1,TMP00000125,True,True
3758,1,1,1,TMP00000175,True,True
3770,1,1,1,TMP00000052,True,True
3779,1,1,1,TMP00000013,True,True
3783,1,1,1,TMP00000070,True,True
3793,1,1,1,TMP00000050,True,True
3808,1,1,1,TMP00000042,True,True
3816,1,1,1,TMP00000076,True,True
3829,1,1,1,TMP00000012,False,False
3831,1,1,1,TMP00000088,True,True
3834,1,1,1,TMP00000037,False,True
3835,1,1,1,TMP00000188,False,True
3850,1,1,1,TMP00000084,True,True
3855,1,1,1,TMP00000129,True,True
3858,1,1,1,TMP00000036,True,True
3869,1,1,1,TMP00000129,True,True
3873,1,1,1,TMP00000167,False,True
3877,1,1,1,TMP00000125,True,True
3879,2,2,1,TMP00000079,False,True
3884,1,1,1,TMP00000140,False,False
3889,1,1,1,TMP00000118,True,True
3890,1,1,1,TMP00000092,True,True
3892,1,1,1,TMP00000009,True,True
3911,1,1,1,TMP00000098,False,False
3916,1,1,1,TMP00000013,True,True
3921,1,1,1,TMP00000076,True,True
3922,1,1,1,TMP00000095,False,True
3923,1,1,1,TMP00000188,False,True
3934,1,1,1,TMP00000140,False,False
3942,3,2,1,TMP00000069,False,False
3944,1,1,1,TMP00000188,False,True
3975,1,1,1,TMP00000140,False,False
3977,1,1,1,TMP00000035,False,False
3995,5,5,1,TMP00000140,False,False
3998,1,1,1,TMP00000082,True,True
4013,1,1,1,TMP00000128,True,True
4015,1,1,1,TMP00000146,False,True
4023,1,1,1,TMP00000027,True,True
4026,1,1,1,TMP00000017,True,True
4044,1,1,1,TMP00000140,False,False
4046,1,1,1,TMP00000113,False,True
4047,1,1,1,TMP00000043,True,True
4052,1,1,1,TMP00000013,True,True
4054,3,2,1,TMP00000050,True,True
4057,1,1,1,TMP00000070,True,True
4084,1,1,1,TMP00000019,True,True
4087,1,1,1,TMP00000036,True,True
4099,1,1,1,TMP00000013,True,True
4101,1,1,1,TMP00000013,True,True
4113,1,1,1,TMP00000093,True,True
4122,1,1,1,TMP00000044,True,True
4124,1,1,1,TMP00000133,True,True
4134,1,1,1,TMP00000148,False,False
4137,1,1,1,TMP00000188,False,True
4144,3,3,1,TMP00000038,True,True
4166,1,1,1,TMP00000140,False,False
4172,1,1,1,TMP00000107,False,False
4178,1,1,1,TMP00000055,True,True
4201,1,1,1,TMP00000090,True,True
4226,2,1,1,TMP00000023,False,False
4230,1,1,1,TMP00000079,False,True
4249,1,1,1,TMP00000050,True,True
4250,1,1,1,TMP00000093,True,True
4251,1,1,1,TMP00000082,True,True
4262,1,1,1,TMP00000093,True,True
4272,1,1,1,TMP00000040,True,True
4294,1,1,1,TMP00000050,True,True
4298,1,1,1,TMP00000119,True,True
4302,1,1,1,TMP00000044,True,True
4304,1,1,1,TMP00000044,True,True
4315,1,1,1,TMP00000060,True,True
4318,1,1,1,TMP00000001,True,True
4320,1,1,1,TMP00000015,True,True
4335,1,1,1,TMP00000013,True,True
4365,1,1,1,TMP00000125,True,True
4367,1,1,1,TMP00000013,True,True
4377,1,1,1,TMP00000114,False,False
4385,1,1,1,TMP00000133,True,True
4399,1,1,1,TMP00000102,True,True
4401,1,1,1,TMP00000036,True,True
4404,1,1,1,TMP00000038,True,True
4406,1,1,1,TMP00000093,True,True
4417,1,1,1,TMP00000089,True,True
4428,1,1,1,TMP00000140,False,False
4433,1,1,1,TMP00000140,False,False
4434,1,1,1,TMP00000090,True,True
4440,1,1,1,TMP00000128,True,True
4446,2,2,1,TMP00000188,False,True
4465,1,1,1,TMP00000140,False,False
4467,2,1,1,TMP00000110,False,False
4487,1,1,1,TMP00000125,True,True
4491,1,1,1,TMP00000043,True,True
4506,1,1,1,TMP00000162,True,True
4525,1,1,1,TMP00000140,False,False
4529,1,1,1,TMP00000017,True,True
4537,1,1,1,TMP00000117,True,True
4539,2,1,1,TMP00000101,True,True
4540,1,1,1,TMP00000076,True,True
4547,2,1,1,TMP00000050,True,True
4550,1,1,1,TMP00000188,False,True
4560,1,1,1,TMP00000118,True,True
4561,1,1,1,TMP00000093,True,True
4564,1,1,1,TMP00000093,True,True
4566,1,1,1,TMP00000116,True,True
4567,1,1,1,TMP00000107,False,False
4570,1,1,1,TMP00000087,False,True
4574,1,1,1,TMP00000140,False,False
4578,1,1,1,TMP00000188,False,True
4582,1,1,1,TMP00000093,True,True
4603,1,1,1,TMP00000070,True,True
4608,1,1,1,TMP00000125,True,True
4610,1,1,1,TMP00000070,True,True
4619,1,1,1,TMP00000027,True,True
4631,1,1,1,TMP00000092,True,True
4652,1,1,1,TMP00000128,True,True
4655,1,1,1,TMP00000162,True,True
4656,1,1,1,TMP00000140,False,False
4679,1,1,1,TMP00000188,False,True
4688,1,1,1,TMP00000043,True,True
4696,1,1,1,TMP00000162,True,True
4699,1,1,1,TMP00000188,False,True
4774,1,1,1,TMP00000140,False,False
4775,3,2,1,TMP00000003,True,True
4799,1,1,1,TMP00000044,True,True
4800,1,1,1,TMP00000013,True,True
4802,5,5,1,TMP00000125,True,True
4822,1,1,1,TMP00000076,True,True
4839,1,1,1,TMP00000138,True,True
4841,1,1,1,TMP00000122,False,False
4848,1,1,1,TMP00000089,True,True
4863,1,1,1,TMP00000012,False,False
4882,1,1,1,TMP00000052,True,True
4886,1,1,1,TMP00000013,True,True
4907,1,1,1,TMP00000056,True,True
4910,1,1,1,TMP00000043,True,True
4917,1,1,1,TMP00000133,True,True
4925,1,1,1,TMP00000111,False,False
4932,1,1,1,TMP00000047,True,True
4935,1,1,1,TMP00000043,True,True
4956,1,1,1,TMP00000013,True,True
4957,1,1,1,TMP00000092,True,True
4958,1,1,1,TMP00000167,False,True
4971,1,1,1,TMP00000188,False,True
4973,2,1,1,TMP00000023,False,False
4981,1,1,1,TMP00000063,True,True
4986,1,1,1,TMP00000005,True,True
4996,1,1,1,TMP00000054,True,True
5039,1,1,1,TMP00000138,True,True
5055,1,1,1,TMP00000130,False,False
5059,4,3,1,TMP00000124,True,True
5068,1,1,1,TMP00000015,True,True
5074,1,1,1,TMP00000042,True,True
5085,1,1,1,TMP00000030,False,False
5103,2,2,1,TMP00000136,True,True
5104,1,1,1,TMP00000140,False,False
5120,1,1,1,TMP00000111,False,False
5128,1,1,1,TMP00000013,True,True
5146,1,1,1,TMP00000013,True,True
5150,1,1,1,TMP00000140,False,False
5155,1,1,1,TMP00000027,True,True
5158,1,1,1,TMP00000138,True,True
5170,1,1,1,TMP00000140,False,False
5180,1,1,1,TMP00000093,True,True
5185,1,1,1,TMP00000051,True,True
5187,1,1,1,TMP00000013,True,True
5190,1,1,1,TMP00000143,False,False
5193,1,1,1,TMP00000140,False,False
5195,1,1,1,TMP00000086,True,True
5200,1,1,1,TMP00000080,False,True
5204,1,1,1,TMP00000188,False,True
5221,1,1,1,TMP00000114,False,False
5227,1,1,1,TMP00000005,True,True
5237,1,1,1,TMP00000070,True,True
5242,1,1,1,TMP00000088,True,True
5243,1,1,1,TMP00000102,True,True
5264,1,1,1,TMP00000086,True,True
5267,1,1,1,TMP00000116,True,True
5276,1,1,1,TMP00000140,False,False
5286,1,1,1,TMP00000140,False,False
5290,3,3,1,TMP00000160,True,True
5293,1,1,1,TMP00000027,True,True
5294,1,1,1,TMP00000188,False,True
5296,1,1,1,TMP00000079,False,True
5313,1,1,1,TMP00000140,False,False
5321,1,1,1,TMP00000070,True,True
5330,1,1,1,TMP00000013,True,True
5335,1,1,1,TMP00000188,False,True
5338,1,1,1,TMP00000076,True,True
5340,2,2,1,TMP00000018,True,True
5343,1,1,1,TMP00000044,True,True
5352,1,1,1,TMP00000015,True,True
5359,1,1,1,TMP00000027,True,True
5370,1,1,1,TMP00000043,True,True
5373,1,1,1,TMP00000013,True,True
5383,1,1,1,TMP00000138,True,True
5389,1,1,1,TMP00000126,True,True
5404,1,1,1,TMP00000036,True,True
5408,1,1,1,TMP00000063,True,True
5420,1,1,1,TMP00000162,True,True
5434,1,1,1,TMP00000143,False,False
5435,1,1,1,TMP00000076,True,True
5436,1,1,1,TMP00000047,True,True
5440,3,3,1,TMP00000026,True,True
5441,1,1,1,TMP00000008,True,True
5462,1,1,1,TMP00000027,True,True
5465,1,1,1,TMP00000089,True,True
5472,1,1,1,TMP00000013,True,True
5477,1,1,1,TMP00000054,True,True
5492,1,1,1,TMP00000140,False,False
5499,1,1,1,TMP00000188,False,True
5509,1,1,1,TMP00000013,True,True
5514,1,1,1,TMP00000188,False,True
5522,1,1,1,TMP00000076,True,True
5537,1,1,1,TMP00000129,True,True
5550,2,1,1,TMP00000111,False,False
5579,1,1,1,TMP00000044,True,True
5587,1,1,1,TMP00000070,True,True
5596,1,1,1,TMP00000027,True,True
5599,1,1,1,TMP00000027,True,True
5602,1,1,1,TMP00000189,False,True
5610,1,1,1,TMP00000140,False,False
5623,1,1,1,TMP00000114,False,False
5637,1,1,1,TMP00000070,True,True
5642,1,1,1,TMP00000043,True,True
5675,1,1,1,TMP00000125,True,True
5677,1,1,1,TMP00000175,True,True
5689,1,1,1,TMP00000140,False,False
5690,1,1,1,TMP00000121,True,True
5698,1,1,1,TMP00000012,False,False
5700,1,1,1,TMP00000122,False,False
5714,1,1,1,TMP00000140,False,False
5742,1,1,1,TMP00000040,True,True
5745,1,1,1,TMP00000125,True,True
5752,1,1,1,TMP00000008,True,True
5773,1,1,1,TMP00000140,False,False
5775,1,1,1,TMP00000112,False,False
5776,1,1,1,TMP00000044,True,True
5788,1,1,1,TMP00000002,True,True
5807,1,1,1,TMP00000043,True,True
5812,1,1,1,TMP00000002,True,True
5817,1,1,1,TMP00000009,True,True
5822,1,1,1,TMP00000121,True,True
5824,1,1,1,TMP00000140,False,False
5825,1,1,1,TMP00000140,False,False
5861,1,1,1,TMP00000023,False,False
5869,1,1,1,TMP00000133,True,True
5880,1,1,1,TMP00000081,True,True
5908,1,1,1,TMP00000043,True,True
5917,1,1,1,TMP00000021,True,True
5935,1,1,1,TMP00000071,True,True
5963,2,1,1,TMP00000124,True,True
5972,1,1,1,TMP00000118,True,True
6001,1,1,1,TMP00000009,True,True
6004,1,1,1,TMP00000140,False,False
6020,1,1,1,TMP00000076,True,True
6026,1,1,1,TMP00000140,False,False
6032,1,1,1,TMP00000188,False,True
6034,1,1,1,TMP00000013,True,True
6059,1,1,1,TMP00000146,False,True
6060,1,1,1,TMP00000050,True,True
6066,1,1,1,TMP00000140,False,False
6081,1,1,1,TMP00000140,False,False
6083,1,1,1,TMP00000043,True,True
6119,1,1,1,TMP00000133,True,True
6127,1,1,1,TMP00000080,False,True
6155,1,1,1,TMP00000102,True,True
6164,1,1,1,TMP00000107,False,False
6179,1,1,1,TMP00000140,False,False
6185,1,1,1,TMP00000140,False,False
6198,1,1,1,TMP00000140,False,False
6212,1,1,1,TMP00000125,True,True
6214,1,1,1,TMP00000013,True,True
6220,1,1,1,TMP00000140,False,False
6223,1,1,1,TMP00000079,False,True
6224,1,1,1,TMP00000052,True,True
6234,1,1,1,TMP00000089,True,True
6240,1,1,1,TMP00000140,False,False
6242,1,1,1,TMP00000140,False,False
6251,1,1,1,TMP00000092,True,True
6278,1,1,1,TMP00000027,True,True
6285,1,1,1,TMP00000043,True,True
6286,1,1,1,TMP00000026,True,True
6299,1,1,1,TMP00000130,False,False
6307,1,1,1,TMP00000122,False,False
6308,1,1,1,TMP00000140,False,False
6310,1,1,1,TMP00000027,True,True
6341,1,1,1,TMP00000076,True,True
6361,1,1,1,TMP00000026,True,True
6385,1,1,1,TMP00000119,True,True
6387,1,1,1,TMP00000140,False,False
6390,1,1,1,TMP00000140,False,False
6398,1,1,1,TMP00000102,True,True
6400,1,1,1,TMP00000027,True,True
6408,1,1,1,TMP00000089,True,True
6429,1,1,1,TMP00000125,True,True
6437,1,1,1,TMP00000167,False,True
6440,1,1,1,TMP00000098,False,False
6458,1,1,1,TMP00000044,True,True
6473,1,1,1,TMP00000013,True,True
6489,1,1,1,TMP00000093,True,True
6491,1,1,1,TMP00000132,False,False
6493,1,1,1,TMP00000076,True,True
6498,7,7,1,TMP00000097,False,True
6500,1,1,1,TMP00000052,True,True
6504,1,1,1,TMP00000118,True,True
6507,1,1,1,TMP00000082,True,True
6509,1,1,1,TMP00000140,False,False
6512,1,1,1,TMP00000093,True,True
6524,1,1,1,TMP00000188,False,True
6532,1,1,1,TMP00000140,False,False
6533,1,1,1,TMP00000140,False,False
6538,1,1,1,TMP00000188,False,True
6540,1,1,1,TMP00000013,True,True
6541,1,1,1,TMP00000122,False,False
6548,1,1,1,TMP00000062,True,True
6549,1,1,1,TMP00000140,False,False
6552,1,1,1,TMP00000036,True,True
6559,1,1,1,TMP00000140,False,False
6585,1,1,1,TMP00000076,True,True
6591,1,1,1,TMP00000140,False,False
6600,1,1,1,TMP00000130,False,False
6609,1,1,1,TMP00000167,False,True
6631,1,1,1,TMP00000175,True,True
6647,1,1,1,TMP00000014,True,True
6679,1,1,1,TMP00000055,True,True
6680,1,1,1,TMP00000098,False,False
6681,1,1,1,TMP00000140,False,False
6688,1,1,1,TMP00000002,True,True
6691,1,1,1,TMP00000168,True,True
6700,1,1,1,TMP00000088,True,True
6722,1,1,1,TMP00000114,False,False
6727,1,1,1,TMP00000054,True,True
6740,1,1,1,TMP00000054,True,True
6741,1,1,1,TMP00000013,True,True
6751,1,1,1,TMP00000167,False,True
6762,1,1,1,TMP00000089,True,True
6768,1,1,1,TMP00000122,False,False
6784,1,1,1,TMP00000044,True,True
6788,1,1,1,TMP00000076,True,True
6791,1,1,1,TMP00000013,True,True
6805,1,1,1,TMP00000140,False,False
6807,1,1,1,TMP00000095,False,True
6808,1,1,1,TMP00000188,False,True
6821,2,1,1,TMP00000128,True,True
6827,1,1,1,TMP00000027,True,True
6834,1,1,1,TMP00000140,False,False
6835,1,1,1,TMP00000175,True,True
6842,1,1,1,TMP00000140,False,False
6844,1,1,1,TMP00000188,False,True
6853,2,1,1,TMP00000110,False,False
6873,1,1,1,TMP00000090,True,True
6876,1,1,1,TMP00000140,False,False
6881,1,1,1,TMP00000023,False,False
6885,1,1,1,TMP00000012,False,False
6893,1,1,1,TMP00000043,True,True
6900,1,1,1,TMP00000140,False,False
6901,1,1,1,TMP00000140,False,False
6916,1,1,1,TMP00000009,True,True
6918,1,1,1,TMP00000092,True,True
6919,1,1,1,TMP00000070,True,True
6927,1,1,1,TMP00000030,False,False
6949,1,1,1,TMP00000188,False,True
6966,1,1,1,TMP00000107,False,False
6985,1,1,1,TMP00000076,True,True
6987,1,1,1,TMP00000145,True,True
6999,1,1,1,TMP00000140,False,False
7001,1,1,1,TMP00000079,False,True
7012,1,1,1,TMP00000098,False,False
7050,1,1,1,TMP00000102,True,True
7055,1,1,1,TMP00000188,False,True
7066,1,1,1,TMP00000167,False,True
7069,1,1,1,TMP00000149,True,True
7073,1,1,1,TMP00000027,True,True
7074,1,1,1,TMP00000119,True,True
7084,1,1,1,TMP00000017,True,True
7092,1,1,1,TMP00000043,True,True
7099,1,1,1,TMP00000089,True,True
7106,1,1,1,TMP00000093,True,True
7110,1,1,1,TMP00000140,False,False
7128,1,1,1,TMP00000044,True,True
7168,1,1,1,TMP00000092,True,True
7175,1,1,1,TMP00000140,False,False
7176,1,1,1,TMP00000015,True,True
7183,1,1,1,TMP00000019,True,True
7187,1,1,1,TMP00000027,True,True
7194,1,1,1,TMP00000079,False,True
7215,1,1,1,TMP00000168,True,True
7230,1,1,1,TMP00000013,True,True
7260,1,1,1,TMP00000189,False,True
7282,1,1,1,TMP00000008,True,True
7299,1,1,1,TMP00000012,False,False
7306,1,1,1,TMP00000052,True,True
7311,1,1,1,TMP00000168,True,True
7340,1,1,1,TMP00000027,True,True
7355,1,1,1,TMP00000076,True,True
7380,1,1,1,TMP00000118,True,True
7399,1,1,1,TMP00000140,False,False
7400,1,1,1,TMP00000081,True,True
7401,1,1,1,TMP00000140,False,False
7405,2,1,1,TMP00000111,False,False
7413,1,1,1,TMP00000140,False,False
7439,1,1,1,TMP00000079,False,True
7445,1,1,1,TMP00000119,True,True
7459,1,1,1,TMP00000043,True,True
7488,1,1,1,TMP00000014,True,True
7498,1,1,1,TMP00000009,True,True
7500,1,1,1,TMP00000188,False,True
7516,1,1,1,TMP00000080,False,True
7521,1,1,1,TMP00000009,True,True
7524,1,1,1,TMP00000129,True,True
7539,1,1,1,TMP00000043,True,True
7542,1,1,1,TMP00000146,False,True
7548,1,1,1,TMP00000027,True,True
7568,1,1,1,TMP00000070,True,True
7572,1,1,1,TMP00000013,True,True
7576,1,1,1,TMP00000076,True,True
7578,1,1,1,TMP00000013,True,True
7583,1,1,1,TMP00000092,True,True
7607,1,1,1,TMP00000043,True,True
7618,1,1,1,TMP00000042,True,True
7630,1,1,1,TMP00000132,False,False
7640,1,1,1,TMP00000009,True,True
7655,1,1,1,TMP00000094,True,True
7662,1,1,1,TMP00000137,True,True
7672,1,1,1,TMP00000140,False,False
7673,1,1,1,TMP00000140,False,False
7683,1,1,1,TMP00000076,True,True
7694,1,1,1,TMP00000102,True,True
7697,1,1,1,TMP00000052,True,True
7698,1,1,1,TMP00000013,True,True
7704,1,1,1,TMP00000001,True,True
7706,1,1,1,TMP00000188,False,True
7726,1,1,1,TMP00000089,True,True
7740,1,1,1,TMP00000140,False,False
7756,1,1,1,TMP00000093,True,True
7766,1,1,1,TMP00000044,True,True
7778,1,1,1,TMP00000038,True,True
7787,1,1,1,TMP00000140,False,False
7790,1,1,1,TMP00000009,True,True
7813,1,1,1,TMP00000079,False,True
7861,1,1,1,TMP00000013,True,True
7866,1,1,1,TMP00000188,False,True
7871,1,1,1,TMP00000009,True,True
7881,1,1,1,TMP00000140,False,False
7887,1,1,1,TMP00000038,True,True
7908,1,1,1,TMP00000139,True,True
7909,1,1,1,TMP00000118,True,True
7915,1,1,1,TMP00000011,True,True
7918,1,1,1,TMP00000140,False,False
7933,1,1,1,TMP00000162,True,True
7949,1,1,1,TMP00000012,False,False
7951,1,1,1,TMP00000043,True,True
7962,1,1,1,TMP00000070,True,True
7976,1,1,1,TMP00000133,True,True
7987,1,1,1,TMP00000140,False,False
7992,1,1,1,TMP00000133,True,True
7996,1,1,1,TMP00000036,True,True
8000,1,1,1,TMP00000013,True,True
8006,1,1,1,TMP00000101,True,True
8012,1,1,1,TMP00000140,False,False
8014,1,1,1,TMP00000036,True,True
8023,1,1,1,TMP00000140,False,False
8025,1,1,1,TMP00000122,False,False
8034,1,1,1,TMP00000118,True,True
8038,1,1,1,TMP00000027,True,True
8041,1,1,1,TMP00000013,True,True
8045,1,1,1,TMP00000095,False,True
8064,1,1,1,TMP00000140,False,False
8071,1,1,1,TMP00000071,True,True
8077,1,1,1,TMP00000013,True,True
8082,1,1,1,TMP00000013,True,True
8087,1,1,1,TMP00000188,False,True
8091,1,1,1,TMP00000140,False,False
8092,1,1,1,TMP00000089,True,True
8115,1,1,1,TMP00000140,False,False
8118,1,1,1,TMP00000071,True,True
8123,1,1,1,TMP00000043,True,True
8124,1,1,1,TMP00000023,False,False
8139,1,1,1,TMP00000056,True,True
8186,1,1,1,TMP00000068,True,True
8199,1,1,1,TMP00000013,True,True
8208,1,1,1,TMP00000140,False,False
8248,1,1,1,TMP00000036,True,True
8253,1,1,1,TMP00000086,True,True
8254,1,1,1,TMP00000102,True,True
8259,1,1,1,TMP00000012,False,False
8260,1,1,1,TMP00000012,False,False
8261,1,1,1,TMP00000146,False,True
8263,1,1,1,TMP00000093,True,True
8273,1,1,1,TMP00000030,False,False
8285,1,1,1,TMP00000086,True,True
8288,1,1,1,TMP00000012,False,False
8290,1,1,1,TMP00000188,False,True
8293,1,1,1,TMP00000013,True,True
8301,1,1,1,TMP00000133,True,True
8313,1,1,1,TMP00000140,False,False
8318,1,1,1,TMP00000027,True,True
8323,1,1,1,TMP00000179,True,True
8324,1,1,1,TMP00000013,True,True
8328,1,1,1,TMP00000026,True,True
8338,1,1,1,TMP00000044,True,True
8347,1,1,1,TMP00000101,True,True
8363,1,1,1,TMP00000096,False,False
8366,1,1,1,TMP00000096,False,False
8375,1,1,1,TMP00000043,True,True
8377,1,1,1,TMP00000140,False,False
8381,1,1,1,TMP00000146,False,True
8396,2,1,1,TMP00000111,False,False
8398,1,1,1,TMP00000162,True,True
8409,1,1,1,TMP00000063,True,True
8413,1,1,1,TMP00000036,True,True
8414,1,1,1,TMP00000062,True,True
8415,1,1,1,TMP00000146,False,True
8419,1,1,1,TMP00000095,False,True
8423,1,1,1,TMP00000038,True,True
8439,1,1,1,TMP00000167,False,True
8444,1,1,1,TMP00000009,True,True
8461,1,1,1,TMP00000093,True,True
8467,1,1,1,TMP00000140,False,False
8474,1,1,1,TMP00000119,True,True
8486,1,1,1,TMP00000140,False,False
8512,1,1,1,TMP00000070,True,True
8547,1,1,1,TMP00000090,True,True
8552,1,1,1,TMP00000090,True,True
8554,1,1,1,TMP00000188,False,True
8556,1,1,1,TMP00000140,False,False
8566,1,1,1,TMP00000123,False,True
8569,1,1,1,TMP00000054,True,True
8573,1,1,1,TMP00000188,False,True
8585,1,1,1,TMP00000095,False,True
8602,1,1,1,TMP00000089,True,True
8617,1,1,1,TMP00000031,False,False
8640,1,1,1,TMP00000063,True,True
8642,1,1,1,TMP00000087,False,True
8643,1,1,1,TMP00000102,True,True
8649,1,1,1,TMP00000030,False,False
8651,1,1,1,TMP00000076,True,True
8670,1,1,1,TMP00000076,True,True
8678,1,1,1,TMP00000122,False,False
8707,1,1,1,TMP00000188,False,True
8713,1,1,1,TMP00000013,True,True
8718,1,1,1,TMP00000101,True,True
8731,1,1,1,TMP00000188,False,True
8739,1,1,1,TMP00000090,True,True
8758,1,1,1,TMP00000143,False,False
8759,1,1,1,TMP00000093,True,True
8761,1,1,1,TMP00000133,True,True
8782,1,1,1,TMP00000140,False,False
8793,1,1,1,TMP00000027,True,True
8795,1,1,1,TMP00000013,True,True
8796,1,1,1,TMP00000079,False,True
8808,1,1,1,TMP00000129,True,True
8812,1,1,1,TMP00000023,False,False
8832,1,1,1,TMP00000140,False,False
8841,1,1,1,TMP00000140,False,False
8843,1,1,1,TMP00000088,True,True
8855,1,1,1,TMP00000140,False,False
8856,1,1,1,TMP00000140,False,False
8858,1,1,1,TMP00000107,False,False
8865,1,1,1,TMP00000044,True,True
8879,1,1,1,TMP00000063,True,True
8884,1,1,1,TMP00000140,False,False
8893,1,1,1,TMP00000038,True,True
8934,1,1,1,TMP00000036,True,True
8977,1,1,1,TMP00000121,True,True
9000,1,1,1,TMP00000063,True,True
9001,2,1,1,TMP00000111,False,False
9005,1,1,1,TMP00000004,True,True
9007,1,1,1,TMP00000043,True,True
9009,1,1,1,TMP00000076,True,True
9013,1,1,1,TMP00000140,False,False
9016,1,1,1,TMP00000092,True,True
9023,1,1,1,TMP00000098,False,False
9025,1,1,1,TMP00000002,True,True
9046,1,1,1,TMP00000036,True,True
9048,1,1,1,TMP00000102,True,True
9050,1,1,1,TMP00000027,True,True
9053,1,1,1,TMP00000017,True,True
9081,1,1,1,TMP00000126,True,True
9082,1,1,1,TMP00000167,False,True
9090,1,1,1,TMP00000118,True,True
9091,1,1,1,TMP00000102,True,True
9093,2,1,1,TMP00000181,True,True
9103,1,1,1,TMP00000133,True,True
9128,1,1,1,TMP00000188,False,True
9133,1,1,1,TMP00000044,True,True
9152,1,1,1,TMP00000027,True,True
9155,1,1,1,TMP00000119,True,True
9158,1,1,1,TMP00000140,False,False
9170,1,1,1,TMP00000013,True,True
9173,1,1,1,TMP00000043,True,True
9211,1,1,1,TMP00000133,True,True
9224,1,1,1,TMP00000140,False,False
9240,1,1,1,TMP00000036,True,True
9241,1,1,1,TMP00000140,False,False
9242,1,1,1,TMP00000092,True,True
9264,1,1,1,TMP00000026,True,True
9266,1,1,1,TMP00000002,True,True
9276,1,1,1,TMP00000071,True,True
9283,1,1,1,TMP00000079,False,True
9284,1,1,1,TMP00000140,False,False
9302,1,1,1,TMP00000070,True,True
9305,1,1,1,TMP00000012,False,False
9313,1,1,1,TMP00000070,True,True
9347,1,1,1,TMP00000079,False,True
9351,1,1,1,TMP00000027,True,True
9363,1,1,1,TMP00000043,True,True
9396,1,1,1,TMP00000043,True,True
9398,1,1,1,TMP00000019,True,True
9407,1,1,1,TMP00000140,False,False
9422,1,1,1,TMP00000140,False,False
9423,1,1,1,TMP00000027,True,True
9442,1,1,1,TMP00000042,True,True
9445,1,1,1,TMP00000103,True,True
9452,1,1,1,TMP00000013,True,True
9454,1,1,1,TMP00000140,False,False
9474,1,1,1,TMP00000140,False,False
9483,1,1,1,TMP00000140,False,False
9485,1,1,1,TMP00000130,False,False
9486,1,1,1,TMP00000013,True,True
9492,1,1,1,TMP00000095,False,True
9498,1,1,1,TMP00000140,False,False
9500,1,1,1,TMP00000002,True,True
9501,1,1,1,TMP00000089,True,True
9511,1,1,1,TMP00000169,False,False
9524,1,1,1,TMP00000140,False,False
9531,1,1,1,TMP00000044,True,True
9532,1,1,1,TMP00000167,False,True
9534,1,1,1,TMP00000169,False,False
9562,1,1,1,TMP00000111,False,False
9619,1,1,1,TMP00000006,True,True
9624,1,1,1,TMP00000140,False,False
9627,1,1,1,TMP00000023,False,False
9629,1,1,1,TMP00000114,False,False
9639,1,1,1,TMP00000036,True,True
9641,1,1,1,TMP00000008,True,True
9643,1,1,1,TMP00000086,True,True
9648,1,1,1,TMP00000140,False,False
9650,1,1,1,TMP00000116,True,True
9656,1,1,1,TMP00000054,True,True
9671,1,1,1,TMP00000167,False,True
9677,1,1,1,TMP00000052,True,True
9690,1,1,1,TMP00000088,True,True
9693,1,1,1,TMP00000013,True,True
9706,1,1,1,TMP00000044,True,True
9708,1,1,1,TMP00000043,True,True
9725,1,1,1,TMP00000101,True,True
9728,1,1,1,TMP00000160,True,True
9729,1,1,1,TMP00000118,True,True
9736,1,1,1,TMP00000102,True,True
9747,1,1,1,TMP00000093,True,True
9775,1,1,1,TMP00000169,False,False
9780,1,1,1,TMP00000076,True,True
9782,1,1,1,TMP00000089,True,True
9788,1,1,1,TMP00000071,True,True
9808,1,1,1,TMP00000140,False,False
9836,1,1,1,TMP00000118,True,True
9846,1,1,1,TMP00000140,False,False
9847,1,1,1,TMP00000140,False,False
9852,1,1,1,TMP00000013,True,True
9855,1,1,1,TMP00000140,False,False
9873,1,1,1,TMP00000140,False,False
9891,1,1,1,TMP00000070,True,True
9896,1,1,1,TMP00000140,False,False
9910,1,1,1,TMP00000050,True,True
9922,1,1,1,TMP00000013,True,True
9929,1,1,1,TMP00000128,True,True
9938,1,1,1,TMP00000013,True,True
9955,1,1,1,TMP00000043,True,True
9957,1,1,1,TMP00000090,True,True
9982,1,1,1,TMP00000043,True,True
9991,1,1,1,TMP00000076,True,True
9996,1,1,1,TMP00000118,True,True
10003,1,1,1,TMP00000138,True,True
10004,1,1,1,TMP00000093,True,True
10006,1,1,1,TMP00000081,True,True
10029,1,1,1,TMP00000009,True,True
10037,1,1,1,TMP00000140,False,False
10038,1,1,1,TMP00000128,True,True
10040,1,1,1,TMP00000140,False,False
10041,1,1,1,TMP00000086,True,True
10080,1,1,1,TMP00000138,True,True
10090,1,1,1,TMP00000140,False,False
10091,1,1,1,TMP00000118,True,True
10117,1,1,1,TMP00000140,False,False
10122,1,1,1,TMP00000001,True,True
10127,1,1,1,TMP00000104,True,True
10153,1,1,1,TMP00000079,False,True
10160,1,1,1,TMP00000098,False,False
10180,1,1,1,TMP00000138,True,True
10194,1,1,1,TMP00000140,False,False
10198,1,1,1,TMP00000138,True,True
10217,1,1,1,TMP00000140,False,False
10228,1,1,1,TMP00000013,True,True
10230,1,1,1,TMP00000175,True,True
10239,1,1,1,TMP00000086,True,True
10243,1,1,1,TMP00000140,False,False
