"""CREATE_DATE""","""ID""","""MEAS_TYPE""","""V2000"""
2026-06-22 12:00:00,TMP00048716,2001,1.8753
2026-06-22 12:00:00,TMP00048716,2401,105.4572
2026-06-22 12:00:00,TMP00048717,2001,0.5722
2026-06-22 12:00:00,TMP00048717,2401,31.7752
2026-06-22 12:00:00,TMP00048718,2001,1.2471
2026-06-22 12:00:00,TMP00048718,2401,74.5852
2026-06-22 12:00:00,TMP00048719,2001,0.8944
2026-06-22 12:00:00,TMP00048719,2401,48.6487
2026-06-22 12:00:00,TMP00048720,2001,0.6818
2026-06-22 12:00:00,TMP00048720,2401,113.9019
2026-06-22 12:00:00,TMP00048721,2001,1.8100
2026-06-22 12:00:00,TMP00048721,2401,105.5584
2026-06-22 12:00:00,TMP00048722,2001,1.1674
2026-06-22 12:00:00,TMP00048722,2401,67.3909
2026-06-22 12:00:00,TMP00048724,2001,0.5523
2026-06-22 12:00:00,TMP00048724,2401,31.3970
2026-06-22 12:00:00,TMP00048725,2001,1.9214
2026-06-22 12:00:00,TMP00048725,2401,113.1634
2026-06-22 12:00:00,TMP00048726,2001,0.3075
2026-06-22 12:00:00,TMP00048726,2401,16.8791
2026-06-22 12:00:00,TMP00048727,2001,0.3471
2026-06-22 12:00:00,TMP00048727,2401,19.5165
2026-06-22 12:00:00,TMP00048728,2001,3.0663
2026-06-22 12:00:00,TMP00048728,2401,175.4724
2026-06-22 12:00:00,TMP00048729,2001,1.1936
2026-06-22 12:00:00,TMP00048729,2401,66.8131
2026-06-22 12:00:00,TMP00048730,2001,4.5005
2026-06-22 12:00:00,TMP00048730,2401,275.5162
2026-06-22 12:00:00,TMP00048731,2001,2.2533
2026-06-22 12:00:00,TMP00048731,2401,121.6702
2026-06-22 12:00:00,TMP00048732,2001,1.1419
2026-06-22 12:00:00,TMP00048732,2401,60.4835
2026-06-22 12:00:00,TMP00048733,2001,1.4098
2026-06-22 12:00:00,TMP00048733,2401,76.3076
2026-06-22 12:00:00,TMP00048734,2001,0.9379
2026-06-22 12:00:00,TMP00048734,2401,60.1318
2026-06-22 12:00:00,TMP00048735,2001,0
2026-06-22 12:00:00,TMP00048735,2401,2.4615
2026-06-22 12:00:00,TMP00048736,2001,1.0170
2026-06-22 12:00:00,TMP00048736,2401,59.2527
2026-06-22 12:00:00,TMP00048737,2001,1.9701
2026-06-22 12:00:00,TMP00048737,2401,110.4175
2026-06-22 12:00:00,TMP00048738,2001,1.5925
2026-06-22 12:00:00,TMP00048738,2401,90.9010
2026-06-22 12:00:00,TMP00048739,2001,0
2026-06-22 12:00:00,TMP00048739,2401,0.1758
2026-06-22 12:00:00,TMP00048740,2001,0.2010
2026-06-22 12:00:00,TMP00048740,2401,14.2417
2026-06-22 12:00:00,TMP00048741,2001,0
2026-06-22 12:00:00,TMP00048741,2401,0
2026-06-22 12:00:00,TMP00048742,2001,0.4649
2026-06-22 12:00:00,TMP00048742,2401,27.0327
2026-06-22 12:00:00,TMP00048743,2001,1.5702
2026-06-22 12:00:00,TMP00048743,2401,88.8165
2026-06-22 12:00:00,TMP00048744,2001,1.6355
2026-06-22 12:00:00,TMP00048744,2401,98.3200
2026-06-22 12:00:00,TMP00048745,2001,0
2026-06-22 12:00:00,TMP00048745,2401,3.3728
2026-06-22 12:00:00,TMP00048746,2001,0.4748
2026-06-22 12:00:00,TMP00048746,2401,87.8839
2026-06-22 12:00:00,TMP00048747,2001,0.0870
2026-06-22 12:00:00,TMP00048747,2401,14.3027
2026-06-22 12:00:00,TMP00048748,2001,3.4089
2026-06-22 12:00:00,TMP00048748,2401,191.6225
2026-06-22 12:00:00,TMP00048749,2001,0
2026-06-22 12:00:00,TMP00048749,2401,1.4487
2026-06-22 12:00:00,TMP00048750,2001,-0.6848
2026-06-22 12:00:00,TMP00048750,2401,103.2946
2026-06-22 12:00:00,TMP00048752,2001,3.3725
2026-06-22 12:00:00,TMP00048752,2401,191.3865
2026-06-22 12:00:00,TMP00048753,2001,2.0521
2026-06-22 12:00:00,TMP00048753,2401,116.0440
2026-06-22 12:00:00,TMP00048754,2001,1.3181
2026-06-22 12:00:00,TMP00048754,2401,73.9886
2026-06-22 12:00:00,TMP00048755,2001,1.6686
2026-06-22 12:00:00,TMP00048755,2401,93.8579
2026-06-22 12:00:00,TMP00048756,2001,3.0018
2026-06-22 12:00:00,TMP00048756,2401,177.4903
2026-06-22 12:00:00,TMP00048757,2001,0
2026-06-22 12:00:00,TMP00048757,2401,4.0562
2026-06-22 12:00:00,TMP00048758,2001,0.1462
2026-06-22 12:00:00,TMP00048758,2401,8.6133
2026-06-22 12:00:00,TMP00048759,2001,1.6778
2026-06-22 12:00:00,TMP00048759,2401,96.6796
2026-06-22 12:00:00,TMP00048760,2001,0.1279
2026-06-22 12:00:00,TMP00048760,2401,9.3164
2026-06-22 12:00:00,TMP00048761,2001,0.8404
2026-06-22 12:00:00,TMP00048761,2401,46.7577
2026-06-22 12:00:00,TMP00048762,2001,0.4141
2026-06-22 12:00:00,TMP00048762,2401,24.6093
2026-06-22 12:00:00,TMP00048763,2001,0.8800
2026-06-22 12:00:00,TMP00048763,2401,48.6913
2026-06-22 12:00:00,TMP00048764,2001,2.7801
2026-06-22 12:00:00,TMP00048764,2401,155.5662
2026-06-22 12:00:00,TMP00048765,2001,0.3806
2026-06-22 12:00:00,TMP00048765,2401,28.3007
2026-06-22 12:00:00,TMP00048766,2001,1.3977
2026-06-22 12:00:00,TMP00048766,2401,76.9921
2026-06-22 12:00:00,TMP00048767,2001,0.3350
2026-06-22 12:00:00,TMP00048767,2401,18.9843
2026-06-22 12:00:00,TMP00048768,2001,0.0857
2026-06-22 12:00:00,TMP00048768,2401,5.9772
2026-06-22 12:00:00,TMP00048769,2001,0.0670
2026-06-22 12:00:00,TMP00048769,2401,1.4945
2026-06-22 12:00:00,TMP00048770,2001,2.5925
2026-06-22 12:00:00,TMP00048770,2401,142.5900
2026-06-22 12:00:00,TMP00048771,2001,0.6649
2026-06-22 12:00:00,TMP00048771,2401,39.2079
2026-06-22 12:00:00,TMP00048772,2001,1.2302
2026-06-22 12:00:00,TMP00048772,2401,70.5054
2026-06-22 12:00:00,TMP00048773,2001,0.4933
2026-06-22 12:00:00,TMP00048773,2401,27.0769
2026-06-22 12:00:00,TMP00048774,2001,1.1773
2026-06-22 12:00:00,TMP00048774,2401,66.8116
2026-06-22 12:00:00,TMP00048775,2001,0.8632
2026-06-22 12:00:00,TMP00048775,2401,53.2735
2026-06-22 12:00:00,TMP00048776,2001,1.4213
2026-06-22 12:00:00,TMP00048776,2401,82.6354
2026-06-22 12:00:00,TMP00048777,2001,0.9760
2026-06-22 12:00:00,TMP00048777,2401,56.2637
2026-06-22 12:00:00,TMP00048778,2001,2.0222
2026-06-22 12:00:00,TMP00048778,2401,56.7032
2026-06-22 12:00:00,TMP00048779,2001,1.3885
2026-06-22 12:00:00,TMP00048779,2401,21.8901
2026-06-22 12:00:00,TMP00048780,2001,0.3166
2026-06-22 12:00:00,TMP00048780,2401,15.9976
2026-06-22 12:00:00,TMP00048781,2001,0.0390
2026-06-22 12:00:00,TMP00048781,2401,3.3407
2026-06-22 12:00:00,TMP00048782,2001,0.9570
2026-06-22 12:00:00,TMP00048782,2401,52.9230
2026-06-22 12:00:00,TMP00048783,2001,0.5880
2026-06-22 12:00:00,TMP00048783,2401,32.7033
2026-06-22 12:00:00,TMP00048784,2001,1.0170
2026-06-22 12:00:00,TMP00048784,2401,59.4285
2026-06-22 12:00:00,TMP00048785,2001,0
2026-06-22 12:00:00,TMP00048785,2401,0.8791
2026-06-22 12:00:00,TMP00048786,2001,0.3957
2026-06-22 12:00:00,TMP00048786,2401,22.6813
2026-06-22 12:00:00,TMP00048787,2001,1.4581
2026-06-22 12:00:00,TMP00048787,2401,83.1647
2026-06-22 12:00:00,TMP00048788,2001,0.6940
2026-06-22 12:00:00,TMP00048788,2401,38.8571
2026-06-22 12:00:00,TMP00048789,2001,0
2026-06-22 12:00:00,TMP00048789,2401,0.3516
2026-06-22 12:00:00,TMP00048790,2001,0
2026-06-22 12:00:00,TMP00048790,2401,0
2026-06-22 12:00:00,TMP00048792,2001,1.8923
2026-06-22 12:00:00,TMP00048792,2401,97.9196
2026-06-22 12:00:00,TMP00048793,2001,2.1202
2026-06-22 12:00:00,TMP00048793,2401,119.4371
2026-06-22 12:00:00,TMP00048794,2001,0.7337
2026-06-22 12:00:00,TMP00048794,2401,43.6006
2026-06-22 12:00:00,TMP00048795,2001,1.6207
2026-06-22 12:00:00,TMP00048795,2401,92.9090
2026-06-22 12:00:00,TMP00048796,2001,0.4080
2026-06-22 12:00:00,TMP00048796,2401,27.2598
2026-06-22 12:00:00,TMP00048797,2001,1.3500
2026-06-22 12:00:00,TMP00048797,2401,78.0552
2026-06-22 12:00:00,TMP00048798,2001,2.1060
2026-06-22 12:00:00,TMP00048798,2401,124.8180
2026-06-22 12:00:00,TMP00048799,2001,0.6810
2026-06-22 12:00:00,TMP00048799,2401,39.2034
2026-06-22 12:00:00,TMP00048800,2001,0
2026-06-22 12:00:00,TMP00048800,2401,1.4064
2026-06-22 12:00:00,TMP00048801,2001,0
2026-06-22 12:00:00,TMP00048801,2401,2.2854
2026-06-22 12:00:00,TMP00048802,2001,1.5163
2026-06-22 12:00:00,TMP00048802,2401,85.0142
2026-06-22 12:00:00,TMP00048803,2001,-0.2492
2026-06-22 12:00:00,TMP00048803,2401,26.5807
2026-06-22 12:00:00,TMP00048804,2001,0.8486
2026-06-22 12:00:00,TMP00048804,2401,51.6706
2026-06-22 12:00:00,TMP00048805,2001,1.1080
2026-06-22 12:00:00,TMP00048805,2401,66.9098
2026-06-22 12:00:00,TMP00048806,2001,3.0235
2026-06-22 12:00:00,TMP00048806,2401,186.5273
2026-06-22 12:00:00,TMP00048807,2001,0.3411
2026-06-22 12:00:00,TMP00048807,2401,22.3060
2026-06-22 12:00:00,TMP00048808,2001,1.1104
2026-06-22 12:00:00,TMP00048808,2401,67.0354
2026-06-22 12:00:00,TMP00048809,2001,0.2524
2026-06-22 12:00:00,TMP00048809,2401,15.2863
2026-06-22 12:00:00,TMP00048810,2001,0.7088
2026-06-22 12:00:00,TMP00048810,2401,41.5079
2026-06-22 12:00:00,TMP00048811,2001,0.9769
2026-06-22 12:00:00,TMP00048811,2401,57.7734
2026-06-22 12:00:00,TMP00048812,2001,1.2992
2026-06-22 12:00:00,TMP00048812,2401,74.1559
2026-06-22 12:00:00,TMP00048813,2001,0.0019
2026-06-22 12:00:00,TMP00048813,2401,1.6198
2026-06-22 12:00:00,TMP00048815,2001,3.0206
2026-06-22 12:00:00,TMP00048815,2401,163.3006
2026-06-22 12:00:00,TMP00048816,2001,1.5960
2026-06-22 12:00:00,TMP00048816,2401,88.0658
2026-06-22 12:00:00,TMP00048817,2001,4.2651
2026-06-22 12:00:00,TMP00048817,2401,261.9122
2026-06-22 12:00:00,TMP00048818,2001,0.7266
2026-06-22 12:00:00,TMP00048818,2401,39.9021
2026-06-22 12:00:00,TMP00048819,2001,0.2645
2026-06-22 12:00:00,TMP00048819,2401,15.1171
2026-06-22 12:00:00,TMP00048820,2001,3.3835
2026-06-22 12:00:00,TMP00048820,2401,203.3775
2026-06-22 12:00:00,TMP00048821,2001,3.5142
2026-06-22 12:00:00,TMP00048821,2401,204.9595
2026-06-22 12:00:00,TMP00048822,2001,1.1370
2026-06-22 12:00:00,TMP00048822,2401,65.0386
2026-06-22 12:00:00,TMP00048823,2001,1.1262
2026-06-22 12:00:00,TMP00048823,2401,64.9552
2026-06-22 12:00:00,TMP00048824,2001,3.1289
2026-06-22 12:00:00,TMP00048824,2401,184.7016
2026-06-22 12:00:00,TMP00048825,2001,2.8183
2026-06-22 12:00:00,TMP00048825,2401,171.0169
2026-06-22 12:00:00,TMP00048826,2001,2.9054
2026-06-22 12:00:00,TMP00048826,2401,167.7718
2026-06-22 12:00:00,TMP00048827,2001,1.4975
2026-06-22 12:00:00,TMP00048827,2401,78.6825
2026-06-22 12:00:00,TMP00048828,2001,5.9569
2026-06-22 12:00:00,TMP00048828,2401,356.1893
2026-06-22 12:00:00,TMP00048829,2001,1.5903
2026-06-22 12:00:00,TMP00048829,2401,93.9404
2026-06-22 12:00:00,TMP00048830,2001,1.3271
2026-06-22 12:00:00,TMP00048830,2401,75.9878
2026-06-22 12:00:00,TMP00048831,2001,1.1541
2026-06-22 12:00:00,TMP00048831,2401,70.3677
2026-06-22 12:00:00,TMP00048832,2001,0.8605
2026-06-22 12:00:00,TMP00048832,2401,48.7630
2026-06-22 12:00:00,TMP00048833,2001,0.7534
2026-06-22 12:00:00,TMP00048833,2401,46.4396
2026-06-22 12:00:00,TMP00048834,2001,-0.0002
2026-06-22 12:00:00,TMP00048834,2401,0.5681
2026-06-22 12:00:00,TMP00048836,2001,0.1693
2026-06-22 12:00:00,TMP00048836,2401,11.5301
2026-06-22 12:00:00,TMP00048837,2001,0.2218
2026-06-22 12:00:00,TMP00048837,2401,11.9148
2026-06-22 12:00:00,TMP00048838,2001,0.5452
2026-06-22 12:00:00,TMP00048838,2401,29.1666
2026-06-22 12:00:00,TMP00048839,2001,1.0036
2026-06-22 12:00:00,TMP00048839,2401,57.2713
2026-06-22 12:00:00,TMP00048840,2001,0.0102
2026-06-22 12:00:00,TMP00048840,2401,2.6367
2026-06-22 12:00:00,TMP00048841,2001,1.0712
2026-06-22 12:00:00,TMP00048841,2401,60.2800
2026-06-22 12:00:00,TMP00048842,2001,0.8062
2026-06-22 12:00:00,TMP00048842,2401,47.9539
2026-06-22 12:00:00,TMP00048843,2001,0
2026-06-22 12:00:00,TMP00048843,2401,0.0435
2026-06-22 12:00:00,TMP00048844,2001,0.5610
2026-06-22 12:00:00,TMP00048844,2401,33.0559
2026-06-22 12:00:00,TMP00048845,2001,0.6831
2026-06-22 12:00:00,TMP00048845,2401,41.0457
2026-06-22 12:00:00,TMP00048846,2001,1.6339
2026-06-22 12:00:00,TMP00048846,2401,94.5567
2026-06-22 12:00:00,TMP00048847,2001,1.5877
2026-06-22 12:00:00,TMP00048847,2401,94.1606
2026-06-22 12:00:00,TMP00048848,2001,0.1706
2026-06-22 12:00:00,TMP00048848,2401,7.5781
2026-06-22 12:00:00,TMP00048849,2001,1.3700
2026-06-22 12:00:00,TMP00048849,2401,79.0201
2026-06-22 12:00:00,TMP00048850,2001,0.7480
2026-06-22 12:00:00,TMP00048850,2401,44.3668
2026-06-22 12:00:00,TMP00048851,2001,0.3301
2026-06-22 12:00:00,TMP00048851,2401,20.1267
2026-06-22 12:00:00,TMP00048852,2001,0.4333
2026-06-22 12:00:00,TMP00048852,2401,24.8897
2026-06-22 12:00:00,TMP00048853,2001,0.4575
2026-06-22 12:00:00,TMP00048853,2401,27.6412
2026-06-22 12:00:00,TMP00048854,2001,1.1726
2026-06-22 12:00:00,TMP00048854,2401,66.0595
2026-06-22 12:00:00,TMP00048855,2001,-0.0004
2026-06-22 12:00:00,TMP00048855,2401,2.0945
2026-06-22 12:00:00,TMP00048856,2001,0.5450
2026-06-22 12:00:00,TMP00048856,2401,32.6834
2026-06-22 12:00:00,TMP00048857,2001,1.6726
2026-06-22 12:00:00,TMP00048857,2401,94.9033
2026-06-22 12:00:00,TMP00048858,2001,1.4038
2026-06-22 12:00:00,TMP00048858,2401,79.8905
2026-06-22 12:00:00,TMP00048859,2001,2.8252
2026-06-22 12:00:00,TMP00048859,2401,153.2846
2026-06-22 12:00:00,TMP00048860,2001,0.0147
2026-06-22 12:00:00,TMP00048860,2401,1.1292
2026-06-22 12:00:00,TMP00048861,2001,0.0005
2026-06-22 12:00:00,TMP00048861,2401,0.0521
2026-06-22 12:00:00,TMP00048862,2001,0.9369
2026-06-22 12:00:00,TMP00048862,2401,58.1977
2026-06-22 12:00:00,TMP00048863,2001,1.9438
2026-06-22 12:00:00,TMP00048863,2401,109.0109
2026-06-22 12:00:00,TMP00048864,2001,0.2920
2026-06-22 12:00:00,TMP00048864,2401,17.7582
2026-06-22 12:00:00,TMP00048865,2001,2.2146
2026-06-22 12:00:00,TMP00048865,2401,130.8131
2026-06-22 12:00:00,TMP00048866,2001,0.8791
2026-06-22 12:00:00,TMP00048866,2401,55.7362
2026-06-22 12:00:00,TMP00048867,2001,0.1126
2026-06-22 12:00:00,TMP00048867,2401,8.4396
2026-06-22 12:00:00,TMP00048868,2001,3.3857
2026-06-22 12:00:00,TMP00048868,2401,185.8460
2026-06-22 12:00:00,TMP00048869,2001,0.4289
2026-06-22 12:00:00,TMP00048869,2401,24.4395
2026-06-22 12:00:00,TMP00048870,2001,0.1673
2026-06-22 12:00:00,TMP00048870,2401,8.9670
2026-06-22 12:00:00,TMP00048871,2001,1.5027
2026-06-22 12:00:00,TMP00048871,2401,93.0109
2026-06-22 12:00:00,TMP00048872,2001,0.8061
2026-06-22 12:00:00,TMP00048872,2401,47.6483
2026-06-22 12:00:00,TMP00048873,2001,0.0548
2026-06-22 12:00:00,TMP00048873,2401,8.4396
2026-06-22 12:00:00,TMP00048874,2001,1.2077
2026-06-22 12:00:00,TMP00048874,2401,71.5604
2026-06-22 12:00:00,TMP00048875,2001,0.5901
2026-06-22 12:00:00,TMP00048875,2401,38.8571
2026-06-22 12:00:00,TMP00048876,2001,1.3354
2026-06-22 12:00:00,TMP00048876,2401,81.4065
2026-06-22 12:00:00,TMP00048877,2001,2.4671
2026-06-22 12:00:00,TMP00048877,2401,140.3076
2026-06-22 12:00:00,TMP00048878,2001,0.6540
2026-06-22 12:00:00,TMP00048878,2401,42.3736
2026-06-22 12:00:00,TMP00048879,2001,0
2026-06-22 12:00:00,TMP00048879,2401,0
2026-06-22 12:00:00,TMP00048880,2001,0
2026-06-22 12:00:00,TMP00048880,2401,0
2026-06-22 12:00:00,TMP00048881,2001,0
2026-06-22 12:00:00,TMP00048881,2401,0
2026-06-22 12:00:00,TMP00048882,2001,0.5521
2026-06-22 12:00:00,TMP00048882,2401,32.0000
2026-06-22 12:00:00,TMP00048883,2001,1.5962
2026-06-22 12:00:00,TMP00048883,2401,91.2000
2026-06-22 12:00:00,TMP00048884,2001,1.5033
2026-06-22 12:00:00,TMP00048884,2401,86.4000
2026-06-22 12:00:00,TMP00048885,2001,1.5193
2026-06-22 12:00:00,TMP00048885,2401,84.0000
2026-06-22 12:00:00,TMP00048886,2001,0.3952
2026-06-22 12:00:00,TMP00048886,2401,21.6000
2026-06-22 12:00:00,TMP00048887,2001,1.4639
2026-06-22 12:00:00,TMP00048887,2401,83.2000
2026-06-22 12:00:00,TMP00048888,2001,0.6928
2026-06-22 12:00:00,TMP00048888,2401,42.4000
2026-06-22 12:00:00,TMP00048889,2001,1.0949
2026-06-22 12:00:00,TMP00048889,2401,60.8000
2026-06-22 12:00:00,TMP00048890,2001,1.2152
2026-06-22 12:00:00,TMP00048890,2401,68.8000
2026-06-22 12:00:00,TMP00048891,2001,1.2198
2026-06-22 12:00:00,TMP00048891,2401,68.0000
2026-06-22 12:00:00,TMP00048892,2001,0.8780
2026-06-22 12:00:00,TMP00048892,2401,46.4000
2026-06-22 12:00:00,TMP00048895,2001,0
2026-06-22 12:00:00,TMP00048895,2401,0
2026-06-22 12:00:00,TMP00048896,2001,0
2026-06-22 12:00:00,TMP00048896,2401,0
2026-06-22 12:00:00,TMP00048897,2001,3.0194
2026-06-22 12:00:00,TMP00048897,2401,174.4000
2026-06-22 12:00:00,TMP00048898,2001,0
2026-06-22 12:00:00,TMP00048898,2401,0
2026-06-22 12:00:00,TMP00048899,2001,0
2026-06-22 12:00:00,TMP00048899,2401,0
2026-06-22 12:00:00,TMP00048900,2001,0.8005
2026-06-22 12:00:00,TMP00048900,2401,44.8000
2026-06-22 12:00:00,TMP00048902,2001,0.0554
2026-06-22 12:00:00,TMP00048902,2401,8.0000
2026-06-22 12:00:00,TMP00048903,2001,0.6088
2026-06-22 12:00:00,TMP00048903,2401,32.0000
2026-06-22 12:00:00,TMP00048904,2001,0
2026-06-22 12:00:00,TMP00048904,2401,0
2026-06-22 12:00:00,TMP00048905,2001,0
2026-06-22 12:00:00,TMP00048905,2401,0
2026-06-22 12:00:00,TMP00048906,2001,0.1336
2026-06-22 12:00:00,TMP00048906,2401,8.8000
2026-06-22 12:00:00,TMP00048907,2001,0
2026-06-22 12:00:00,TMP00048907,2401,0
2026-06-22 12:00:00,TMP00048908,2001,0.1320
2026-06-22 12:00:00,TMP00048908,2401,12.0648
2026-06-22 12:00:00,TMP00048909,2001,0.1214
2026-06-22 12:00:00,TMP00048909,2401,7.3320
2026-06-22 12:00:00,TMP00048910,2001,0.6665
2026-06-22 12:00:00,TMP00048910,2401,38.8200
2026-06-22 12:00:00,TMP00048911,2001,0.0535
2026-06-22 12:00:00,TMP00048911,2401,5.5200
2026-06-22 12:00:00,TMP00048912,2001,0.9141
2026-06-22 12:00:00,TMP00048912,2401,51.9480
2026-06-22 12:00:00,TMP00048913,2001,-0.0001
2026-06-22 12:00:00,TMP00048913,2401,3.3720
2026-06-22 12:00:00,TMP00048914,2001,0
2026-06-22 12:00:00,TMP00048914,2401,0
2026-06-22 12:00:00,TMP00048915,2001,0.1620
2026-06-22 12:00:00,TMP00048915,2401,7.9080
2026-06-22 12:00:00,TMP00048916,2001,2.6710
2026-06-22 12:00:00,TMP00048916,2401,152.0640
2026-06-22 12:00:00,TMP00048917,2001,0.1446
2026-06-22 12:00:00,TMP00048917,2401,9.3840
2026-06-22 12:00:00,TMP00048918,2001,0.1210
2026-06-22 12:00:00,TMP00048918,2401,8.4600
2026-06-22 12:00:00,TMP00048919,2001,0
2026-06-22 12:00:00,TMP00048919,2401,0
2026-06-22 12:00:00,TMP00048920,2001,0
2026-06-22 12:00:00,TMP00048920,2401,0
2026-06-22 12:00:00,TMP00048921,2001,0.0165
2026-06-22 12:00:00,TMP00048921,2401,1.7520
2026-06-22 12:00:00,TMP00048922,2001,0.0859
2026-06-22 12:00:00,TMP00048922,2401,5.1120
2026-06-22 12:00:00,TMP00048923,2001,0.8838
2026-06-22 12:00:00,TMP00048923,2401,54.2160
2026-06-22 12:00:00,TMP00048924,2001,0.0535
2026-06-22 12:00:00,TMP00048924,2401,3.9000
2026-06-22 12:00:00,TMP00048925,2001,1.2181
2026-06-22 12:00:00,TMP00048925,2401,67.8120
2026-06-22 12:00:00,TMP00048926,2001,0
2026-06-22 12:00:00,TMP00048926,2401,0
2026-06-22 12:00:00,TMP00048927,2001,0.1247
2026-06-22 12:00:00,TMP00048927,2401,8.7480
2026-06-22 12:00:00,TMP00048928,2001,0.7922
2026-06-22 12:00:00,TMP00048928,2401,47.1240
2026-06-22 12:00:00,TMP00048929,2001,0.0495
2026-06-22 12:00:00,TMP00048929,2401,5.1600
2026-06-22 12:00:00,TMP00048930,2001,0.0604
2026-06-22 12:00:00,TMP00048930,2401,5.0640
2026-06-22 12:00:00,TMP00048931,2001,0
2026-06-22 12:00:00,TMP00048931,2401,0
2026-06-22 12:00:00,TMP00048932,2001,0.0462
2026-06-22 12:00:00,TMP00048932,2401,4.5000
2026-06-22 12:00:00,TMP00048933,2001,0
2026-06-22 12:00:00,TMP00048933,2401,0
2026-06-22 12:00:00,TMP00048934,2001,0
2026-06-22 12:00:00,TMP00048934,2401,0
2026-06-22 12:00:00,TMP00048935,2001,0
2026-06-22 12:00:00,TMP00048935,2401,0
2026-06-22 12:00:00,TMP00048936,2001,0
2026-06-22 12:00:00,TMP00048936,2401,0
2026-06-22 12:00:00,TMP00048937,2001,0
2026-06-22 12:00:00,TMP00048937,2401,0
2026-06-22 12:00:00,TMP00048938,2001,0
2026-06-22 12:00:00,TMP00048938,2401,0
2026-06-22 12:00:00,TMP00048939,2001,0
2026-06-22 12:00:00,TMP00048939,2401,0
2026-06-22 12:00:00,TMP00048940,2001,0
2026-06-22 12:00:00,TMP00048940,2401,0
2026-06-22 12:00:00,TMP00048941,2001,0
2026-06-22 12:00:00,TMP00048941,2401,0
2026-06-22 12:00:00,TMP00048942,2001,0
2026-06-22 12:00:00,TMP00048942,2401,0
2026-06-22 12:00:00,TMP00048943,2001,0
2026-06-22 12:00:00,TMP00048943,2401,0
2026-06-22 12:00:00,TMP00048944,2001,0
2026-06-22 12:00:00,TMP00048944,2401,0
