"""LINEEND_ID""","""LINEEND_NAME""","""VOLTAGE_TYPE""","""ST_ID"""
TMP00000188,203LINE001_线,1010,TMP00000198
TMP00000189,211LINE002_线,1010,TMP00000199
TMP00048716,10kV.LINE003_181线,1010,TMP00000190
TMP00048717,10kV.LINE004_183线,1010,TMP00000190
TMP00048718,10kV.LINE005_184线,1010,TMP00000190
TMP00048719,10kV.LINE006_185线,1010,TMP00000190
TMP00048720,10kV.LINE007_186线,1010,TMP00000190
TMP00048721,10kV.LINE008_187线,1010,TMP00000190
TMP00048722,10kV.LINE009_188线,1010,TMP00000190
TMP00048724,10kV.LINE010_182线,1010,TMP00000190
TMP00048725,10kV.LINE011_189线,1010,TMP00000190
TMP00048726,10kV.LINE012_123线,1010,TMP00000193
TMP00048727,10kV.LINE013_122线,1010,TMP00000193
TMP00048728,10kV.LINE014_121线,1010,TMP00000193
TMP00048729,10kV.LINE015_161线,1010,TMP00000191
TMP00048730,10kV.LINE016_162线,1010,TMP00000191
TMP00048731,10kV.LINE017_163线,1010,TMP00000191
TMP00048732,10kV.LINE018_164线,1010,TMP00000191
TMP00048733,10kV.LINE019_165线,1010,TMP00000191
TMP00048734,10kV.LINE020_166线,1010,TMP00000191
TMP00048735,10kV.LINE021_167线,1010,TMP00000191
TMP00048736,10kV.LINE022_168线,1010,TMP00000191
TMP00048737,10kV.LINE023_169线,1010,TMP00000191
TMP00048738,10kV.LINE024_174线,1010,TMP00000191
TMP00048739,10kV.LINE025_172线,1010,TMP00000191
TMP00048740,10kV.LINE026_173线,1010,TMP00000191
TMP00048741,10kV.接地变157线,1010,TMP00000191
TMP00048742,10kV.LINE027_171线,1010,TMP00000190
TMP00048743,10kV.LINE028_192线,1010,TMP00000190
TMP00048744,10kV.LINE029_193线,1010,TMP00000190
TMP00048745,10kV.LINE030_194线,1010,TMP00000190
TMP00048746,10kV.LINE031_195线,1010,TMP00000190
TMP00048747,10kV.LINE032_196线,1010,TMP00000190
TMP00048748,10kV.LINE033_197线,1010,TMP00000190
TMP00048749,10kV.LINE034_198线,1010,TMP00000190
TMP00048750,10kV.LINE035_199线,1010,TMP00000190
TMP00048752,10kV.LINE036_161线,1010,TMP00000190
TMP00048753,10kV.LINE037_162线,1010,TMP00000190
TMP00048754,10kV.LINE038_163线,1010,TMP00000190
TMP00048755,10kV.LINE039_164线,1010,TMP00000190
TMP00048756,10kV.LINE040_165线,1010,TMP00000190
TMP00048757,10kV.LINE041_166线,1010,TMP00000190
TMP00048758,10kV.LINE042_181线,1010,TMP00000194
TMP00048759,10kV.LINE043_182线,1010,TMP00000194
TMP00048760,10kV.LINE044_183线,1010,TMP00000194
TMP00048761,10kV.LINE045_184线,1010,TMP00000194
TMP00048762,10kV.LINE031_185线,1010,TMP00000194
TMP00048763,10kV.LINE046_186线,1010,TMP00000194
TMP00048764,10kV.LINE047_187线,1010,TMP00000194
TMP00048765,10kV.LINE048_188线,1010,TMP00000194
TMP00048766,10kV.LINE049_189线,1010,TMP00000194
TMP00048767,10kV.LINE050_191线,1010,TMP00000194
TMP00048768,10kV.LINE051_157线,1010,TMP00000194
TMP00048769,10kV.2号站书变,1010,TMP00000191
TMP00048770,10kV.LINE052_171线,1010,TMP00000191
TMP00048771,10kV.LINE053_175线,1010,TMP00000191
TMP00048772,10kV.LINE054_176线,1010,TMP00000191
TMP00048773,10kV.LINE055_177线,1010,TMP00000191
TMP00048774,10kV.LINE056_178线,1010,TMP00000191
TMP00048775,10kV.LINE057_179线,1010,TMP00000191
TMP00048776,10kV.LINE058_181线,1010,TMP00000191
TMP00048777,10kV.LINE059_182线,1010,TMP00000191
TMP00048778,10kV.LINE060_183线,1010,TMP00000191
TMP00048779,10kV.LINE061_184线,1010,TMP00000191
TMP00048780,10kV.LINE062_175线,1010,TMP00000194
TMP00048781,10kV.LINE063_174线,1010,TMP00000194
TMP00048782,10kV.LINE064_173线,1010,TMP00000194
TMP00048783,10kV.LINE065_172线,1010,TMP00000194
TMP00048784,10kV.LINE066_171线,1010,TMP00000194
TMP00048785,10kV.LINE067_195线,1010,TMP00000194
TMP00048786,10kV.LINE068_194线,1010,TMP00000194
TMP00048787,10kV.LINE069_193线,1010,TMP00000194
TMP00048788,10kV.LINE070_192线,1010,TMP00000194
TMP00048789,10kV.2号所变107线,1010,TMP00000194
TMP00048790,10kV.接地变1579线,1010,TMP00000191
TMP00048792,10kV.LINE071_191线,1010,TMP00000190
TMP00048793,10kV.LINE072_172线,1010,TMP00000190
TMP00048794,10kV.LINE073_173线,1010,TMP00000190
TMP00048795,10kV.LINE074_174线,1010,TMP00000190
TMP00048796,10kV.LINE075_175线,1010,TMP00000190
TMP00048797,10kV.LINE076_131线,1010,TMP00000193
TMP00048798,10kV.LINE077_132线,1010,TMP00000193
TMP00048799,10kV.LINE078_133线,1010,TMP00000193
TMP00048800,10kV.LINE079_124线,1010,TMP00000193
TMP00048801,10kV.LINE080_125线,1010,TMP00000193
TMP00048802,10kV.LINE081_136线,1010,TMP00000192
TMP00048803,10kV.LINE082_135线,1010,TMP00000192
TMP00048804,10kV.LINE083_134线,1010,TMP00000192
TMP00048805,10kV.LINE084_133线,1010,TMP00000192
TMP00048806,10kV.LINE085_132线,1010,TMP00000192
TMP00048807,10kV.LINE086_131线,1010,TMP00000192
TMP00048808,10kV.LINE087_157线,1010,TMP00000192
TMP00048809,10kV.LINE088_152线,1010,TMP00000192
TMP00048810,10kV.LINE089_153线,1010,TMP00000192
TMP00048811,10kV.LINE090_154线,1010,TMP00000192
TMP00048812,10kV.LINE091_155线,1010,TMP00000192
TMP00048813,10kV.LINE092_156线,1010,TMP00000192
TMP00048815,10kV.LINE093_151线,1010,TMP00000193
TMP00048816,10kV.LINE094_152线,1010,TMP00000193
TMP00048817,10kV.LINE095_153线,1010,TMP00000193
TMP00048818,10kV.LINE096_154线,1010,TMP00000193
TMP00048819,10kV.LINE097_155线,1010,TMP00000193
TMP00048820,10kV.LINE217_156线,1010,TMP00000193
TMP00048821,10kV.LINE218_157线,1010,TMP00000193
TMP00048822,10kV.LINE174_158线,1010,TMP00000193
TMP00048823,10kV.LINE143_161线,1010,TMP00000192
TMP00048824,10kV.LINE117_162线,1010,TMP00000192
TMP00048825,10kV.LINE125_163线,1010,TMP00000192
TMP00048826,10kV.LINE126_164线,1010,TMP00000192
TMP00048827,10kV.LINE102_165线,1010,TMP00000192
TMP00048828,10kV.LINE101_166线,1010,TMP00000192
TMP00048829,10kV.LINE124_171线,1010,TMP00000192
TMP00048830,10kV.LINE127_172线,1010,TMP00000192
TMP00048831,10kV.LINE100_173线,1010,TMP00000192
TMP00048832,10kV.LINE219_174线,1010,TMP00000192
TMP00048833,10kV.LINE169_175线,1010,TMP00000192
TMP00048834,10kV.LINE220_176线,1010,TMP00000192
TMP00048836,10kV.LINE115_121线,1010,TMP00000195
TMP00048837,10kV.LINE221_122线,1010,TMP00000195
TMP00048838,10kV.LINE128_123线,1010,TMP00000195
TMP00048839,10kV.LINE116_124线,1010,TMP00000195
TMP00048840,10kV.LINE106_125线,1010,TMP00000195
TMP00048841,10kV.LINE105_126线,1010,TMP00000195
TMP00048842,10kV.LINE155_131线,1010,TMP00000195
TMP00048843,10kV.LINE222_132线,1010,TMP00000195
TMP00048844,10kV.LINE153_133线,1010,TMP00000195
TMP00048845,10kV.LINE167_134线,1010,TMP00000195
TMP00048846,10kV.LINE164_135线,1010,TMP00000195
TMP00048847,10kV.LINE179_136线,1010,TMP00000195
TMP00048848,10kV.LINE114_151线,1010,TMP00000195
TMP00048849,10kV.LINE107_152线,1010,TMP00000195
TMP00048850,10kV.LINE119_153线,1010,TMP00000195
TMP00048851,10kV.LINE110_154线,1010,TMP00000195
TMP00048852,10kV.LINE123_155线,1010,TMP00000195
TMP00048853,10kV.LINE168_156线,1010,TMP00000195
TMP00048854,10kV.LINE156_161线,1010,TMP00000195
TMP00048855,10kV.LINE184_162线,1010,TMP00000195
TMP00048856,10kV.LINE154_163线,1010,TMP00000195
TMP00048857,10kV.LINE165_164线,1010,TMP00000195
TMP00048858,10kV.LINE163_165线,1010,TMP00000195
TMP00048859,10kV.LINE172_166线,1010,TMP00000195
TMP00048860,10kV.1号站书变106线,1010,TMP00000195
TMP00048861,10kV.2号站书变107线,1010,TMP00000195
TMP00048862,10kV.LINE112_121线,1010,TMP00000191
TMP00048863,10kV.LINE223_122线,1010,TMP00000191
TMP00048864,10kV.LINE131_123线,1010,TMP00000191
TMP00048865,10kV.LINE171_124线,1010,TMP00000191
TMP00048866,10kV.LINE160_125线,1010,TMP00000191
TMP00048867,10kV.LINE162_126线,1010,TMP00000191
TMP00048868,10kV.LINE166_127线,1010,TMP00000191
TMP00048869,10kV.LINE224_128线,1010,TMP00000191
TMP00048870,10kV.LINE178_129线,1010,TMP00000191
TMP00048871,10kV.LINE111_131线,1010,TMP00000191
TMP00048872,10kV.LINE133_132线,1010,TMP00000191
TMP00048873,10kV.LINE225_133线,1010,TMP00000191
TMP00048874,10kV.LINE226_134线,1010,TMP00000191
TMP00048875,10kV.LINE132_135线,1010,TMP00000191
TMP00048876,10kV.LINE159_136线,1010,TMP00000191
TMP00048877,10kV.LINE161_137线,1010,TMP00000191
TMP00048878,10kV.LINE170_138线,1010,TMP00000191
TMP00048879,10kV.LINE067_1A3线,1010,TMP00000191
TMP00048880,10kV.LINE067_121线,1010,TMP00000196
TMP00048881,10kV.LINE173_122线,1010,TMP00000196
TMP00048882,10kV.LINE147_123线,1010,TMP00000196
TMP00048883,10kV.LINE145_124线,1010,TMP00000196
TMP00048884,10kV.LINE138_125线,1010,TMP00000196
TMP00048885,10kV.LINE139_126线,1010,TMP00000196
TMP00048886,10kV.LINE137_131线,1010,TMP00000196
TMP00048887,10kV.LINE146_132线,1010,TMP00000196
TMP00048888,10kV.LINE177_133线,1010,TMP00000196
TMP00048889,10kV.LINE227_134线,1010,TMP00000196
TMP00048890,10kV.LINE148_135线,1010,TMP00000196
TMP00048891,10kV.LINE140_136线,1010,TMP00000196
TMP00048892,10kV.LINE180_151线,1010,TMP00000196
TMP00048895,10kV.LINE182_152线,1010,TMP00000196
TMP00048896,10kV.LINE201_153线,1010,TMP00000196
TMP00048897,10kV.LINE228_154线,1010,TMP00000196
TMP00048898,10kV.LINE067_155线,1010,TMP00000196
TMP00048899,10kV.LINE067_156线,1010,TMP00000196
TMP00048900,10kV.LINE183_161线,1010,TMP00000196
TMP00048902,10kV.LINE202_163线,1010,TMP00000196
TMP00048903,10kV.LINE208_164线,1010,TMP00000196
TMP00048904,10kV.LINE067_165线,1010,TMP00000196
TMP00048905,10kV.LINE067_166线,1010,TMP00000196
TMP00048906,10kV.LINE203_137线,1010,TMP00000196
TMP00048907,10kV.LINE067_190线,1010,TMP00000196
TMP00048908,10kV.LINE199_185线,1010,TMP00000191
TMP00048909,10kV.LINE186_121线,1010,TMP00000197
TMP00048910,10kV.LINE229_122线,1010,TMP00000197
TMP00048911,10kV.LINE187_123线,1010,TMP00000197
TMP00048912,10kV.LINE209_124线,1010,TMP00000197
TMP00048913,10kV.LINE213_125线,1010,TMP00000197
TMP00048914,10kV.LINE067_126线,1010,TMP00000197
TMP00048915,10kV.LINE190_131线,1010,TMP00000197
TMP00048916,10kV.LINE191_132线,1010,TMP00000197
TMP00048917,10kV.LINE188_133线,1010,TMP00000197
TMP00048918,10kV.LINE205_134线,1010,TMP00000197
TMP00048919,10kV.LINE210_135线,1010,TMP00000197
TMP00048920,10kV.LINE230_136线,1010,TMP00000197
TMP00048921,10kV.LINE212_151线,1010,TMP00000197
TMP00048922,10kV.LINE196_152线,1010,TMP00000197
TMP00048923,10kV.LINE195_153线,1010,TMP00000197
TMP00048924,10kV.LINE187_154线,1010,TMP00000197
TMP00048925,10kV.LINE192_155线,1010,TMP00000197
TMP00048926,10kV.LINE067_156线,1010,TMP00000197
TMP00048927,10kV.LINE189_161线,1010,TMP00000197
TMP00048928,10kV.LINE197_162线,1010,TMP00000197
TMP00048929,10kV.LINE198_163线,1010,TMP00000197
TMP00048930,10kV.LINE200_164线,1010,TMP00000197
TMP00048931,10kV.LINE067_165线,1010,TMP00000197
TMP00048932,10kV.LINE204_166线,1010,TMP00000197
TMP00048933,10kV.LINE067_171线,1010,TMP00000196
TMP00048934,10kV.LINE067_172线,1010,TMP00000196
TMP00048935,10kV.LINE067_173线,1010,TMP00000196
TMP00048936,10kV.LINE067_174线,1010,TMP00000196
TMP00048937,10kV.LINE067_175线,1010,TMP00000196
TMP00048938,10kV.LINE067_176线,1010,TMP00000196
TMP00048939,10kV.LINE067_181线,1010,TMP00000196
TMP00048940,10kV.LINE067_182线,1010,TMP00000196
TMP00048941,10kV.LINE067_183线,1010,TMP00000196
TMP00048942,10kV.LINE067_184线,1010,TMP00000196
TMP00048943,10kV.LINE067_185线,1010,TMP00000196
TMP00048944,10kV.LINE067_186线,1010,TMP00000196
