"""ID""","""POINT"""
TMP00046783,1
TMP00046784,0
TMP00046785,1
TMP00046786,1
TMP00046787,1
TMP00046788,0
TMP00046789,1
TMP00046790,1
TMP00046791,1
TMP00046792,1
TMP00046793,1
TMP00046794,1
TMP00046795,1
TMP00046796,1
TMP00046797,1
TMP00046798,0
TMP00046799,1
TMP00046800,0
TMP00046801,1
TMP00046802,1
TMP00046803,1
TMP00046804,1
TMP00046805,1
TMP00046806,1
TMP00046807,1
TMP00046808,1
TMP00046809,0
TMP00046810,1
TMP00046811,1
TMP00046812,0
TMP00046813,1
TMP00046814,1
TMP00046815,0
TMP00046816,1
TMP00046817,1
TMP00046818,1
TMP00046819,0
TMP00046820,1
TMP00046821,1
TMP00046822,0
TMP00046823,0
TMP00046824,1
TMP00046825,1
TMP00046826,1
TMP00046827,1
TMP00046828,1
TMP00046829,1
TMP00046830,1
TMP00046831,1
TMP00046832,1
TMP00046833,1
TMP00046834,1
TMP00046835,1
TMP00046836,1
TMP00046837,0
TMP00046838,1
TMP00046839,0
TMP00046840,1
TMP00046841,0
TMP00046842,1
TMP00046843,1
TMP00046844,1
TMP00046845,1
TMP00046846,1
TMP00046847,1
TMP00046848,1
TMP00046849,1
TMP00046850,1
TMP00046851,0
TMP00046852,0
TMP00046853,1
TMP00046854,1
TMP00046855,1
TMP00046856,1
TMP00046857,1
TMP00046858,1
TMP00046859,1
TMP00046860,1
TMP00046861,1
TMP00046862,1
TMP00046863,1
TMP00046864,1
TMP00046865,1
TMP00046866,0
TMP00046867,1
TMP00046868,1
TMP00046869,0
TMP00046870,0
TMP00046871,0
TMP00046872,0
TMP00046873,0
TMP00046874,0
TMP00046875,0
TMP00046876,0
TMP00046877,0
TMP00046878,0
TMP00046879,0
TMP00046880,0
TMP00046881,1
TMP00046882,1
TMP00046883,0
TMP00046884,1
TMP00046885,1
TMP00046886,0
TMP00046887,1
TMP00046888,1
TMP00046889,1
TMP00046890,0
TMP00046891,1
TMP00046892,1
TMP00046893,1
TMP00046894,0
TMP00046895,0
TMP00046896,0
TMP00046897,1
TMP00046898,1
TMP00046899,1
TMP00046900,1
TMP00046901,1
TMP00046902,1
TMP00046903,1
TMP00046904,1
TMP00046905,1
TMP00046906,1
TMP00046907,1
TMP00046908,1
TMP00046909,1
TMP00046910,0
TMP00046911,0
TMP00046912,1
TMP00046913,1
TMP00046914,1
TMP00046915,1
TMP00046916,1
TMP00046917,1
TMP00046918,1
TMP00046919,1
TMP00046920,1
TMP00046921,1
TMP00046922,1
TMP00046923,0
TMP00046924,0
TMP00046925,0
TMP00046926,0
TMP00046927,0
TMP00046928,0
TMP00046929,0
TMP00046930,0
TMP00046931,0
TMP00046932,0
TMP00046933,0
TMP00046934,0
TMP00046935,1
TMP00046936,1
TMP00046937,1
TMP00046938,1
TMP00046939,1
TMP00046940,1
TMP00046941,1
TMP00046942,1
TMP00046943,0
TMP00046944,1
TMP00046945,1
TMP00046946,1
TMP00046947,0
TMP00046948,1
TMP00046949,0
TMP00046950,1
TMP00046951,0
TMP00046952,1
TMP00046953,1
TMP00046954,1
TMP00046955,1
TMP00046956,1
TMP00046957,1
TMP00046958,1
TMP00046959,1
TMP00046960,1
TMP00046961,1
TMP00046962,0
TMP00046963,1
TMP00046964,1
TMP00046965,0
TMP00046966,0
TMP00046967,0
TMP00046968,0
TMP00046969,0
TMP00046970,0
TMP00046971,0
TMP00046972,0
TMP00046973,1
TMP00046974,1
TMP00046975,1
TMP00046976,1
TMP00046977,1
TMP00046978,1
TMP00046979,1
TMP00046980,0
TMP00046981,0
TMP00046982,0
TMP00046983,1
TMP00046984,1
TMP00046985,1
TMP00046986,0
TMP00046987,0
TMP00046988,1
TMP00046989,1
TMP00046990,1
TMP00046991,1
TMP00046992,1
TMP00046993,1
TMP00046994,1
TMP00046995,1
TMP00046996,1
TMP00046997,1
TMP00046998,1
TMP00046999,1
TMP00047000,1
TMP00047001,1
TMP00047002,1
TMP00047003,1
TMP00047004,1
TMP00047005,1
TMP00047006,0
TMP00047007,0
TMP00047008,1
TMP00047009,1
TMP00047010,0
TMP00047011,1
TMP00047012,1
TMP00047013,1
TMP00047014,1
TMP00047015,1
TMP00047016,1
TMP00047017,1
TMP00047018,1
TMP00047019,0
TMP00047020,1
TMP00047021,0
TMP00047022,0
TMP00047023,1
TMP00047024,1
TMP00047025,1
TMP00047026,1
TMP00047027,1
TMP00047028,1
TMP00047029,1
TMP00047030,1
TMP00047031,1
TMP00047032,1
TMP00047033,1
TMP00047034,1
TMP00047035,1
TMP00047036,1
TMP00047037,1
TMP00047038,1
TMP00047039,1
TMP00047040,1
TMP00047041,1
TMP00047042,0
TMP00047043,0
TMP00047044,0
TMP00047045,1
TMP00047046,0
TMP00047047,0
TMP00047048,0
TMP00047049,0
TMP00047050,1
TMP00047051,1
TMP00047052,1
TMP00047053,1
TMP00047054,1
TMP00047055,1
TMP00047056,0
TMP00047057,1
TMP00047058,1
TMP00047059,1
TMP00047060,1
TMP00047061,1
TMP00047062,1
TMP00047063,1
TMP00047064,0
TMP00047065,1
TMP00047066,1
TMP00047067,1
TMP00047068,1
TMP00047069,1
TMP00047070,1
TMP00047071,1
TMP00047072,1
TMP00047073,1
TMP00047074,1
TMP00047075,1
TMP00047076,1
TMP00047077,1
TMP00047078,1
TMP00047079,1
TMP00047080,1
TMP00047081,0
TMP00047082,0
TMP00047083,0
TMP00047084,0
TMP00047085,0
TMP00047086,1
TMP00047087,1
TMP00047088,1
TMP00047089,1
TMP00047090,1
TMP00047091,1
TMP00047092,1
TMP00047093,1
TMP00047094,1
TMP00047095,1
TMP00047096,1
TMP00047097,1
TMP00047098,1
TMP00047099,1
TMP00047100,1
TMP00047101,1
TMP00047102,1
TMP00047103,1
TMP00047104,1
TMP00047105,0
TMP00047106,1
TMP00047107,0
TMP00047108,1
TMP00047109,1
TMP00047110,1
TMP00047111,1
TMP00047112,1
TMP00047113,1
TMP00047114,1
TMP00047115,1
TMP00047116,0
TMP00047117,0
TMP00047118,1
TMP00047119,1
TMP00047120,1
TMP00047121,1
TMP00047122,1
TMP00047123,1
TMP00047124,1
TMP00047125,1
TMP00047126,1
TMP00047127,1
TMP00047128,1
TMP00047129,1
TMP00047130,0
TMP00047131,0
TMP00047132,0
TMP00047133,1
TMP00047134,0
TMP00047135,1
TMP00047136,1
TMP00047137,1
TMP00047138,1
TMP00047139,1
TMP00047140,0
TMP00047141,1
TMP00047142,1
TMP00047143,1
TMP00047144,0
TMP00047145,0
TMP00047146,1
TMP00047147,1
TMP00047148,0
TMP00047149,1
TMP00047150,0
TMP00047151,0
TMP00047152,0
TMP00047153,1
TMP00047154,1
TMP00047155,1
TMP00047156,0
TMP00047157,0
TMP00047158,1
TMP00047159,1
TMP00047160,1
TMP00047161,1
TMP00047162,0
TMP00047163,0
TMP00047164,0
TMP00047165,1
TMP00047166,0
TMP00047167,1
TMP00047168,0
TMP00047169,0
TMP00047170,0
TMP00047171,1
TMP00047172,1
TMP00047173,1
TMP00047174,1
TMP00047175,1
TMP00047176,0
TMP00047177,1
TMP00047178,1
TMP00047179,1
TMP00047180,1
TMP00047181,1
TMP00047182,0
TMP00047183,1
TMP00047184,1
TMP00047185,1
TMP00047186,1
TMP00047187,1
TMP00047188,0
TMP00047189,1
TMP00047190,1
TMP00047191,1
TMP00047192,1
TMP00047193,1
TMP00047194,0
TMP00047195,1
TMP00047196,1
TMP00047197,1
TMP00047198,1
TMP00047199,0
TMP00047200,1
TMP00047201,0
TMP00047202,0
TMP00047203,0
TMP00047204,0
TMP00047205,0
TMP00047206,1
TMP00047207,1
TMP00047208,1
TMP00047209,1
TMP00047210,1
TMP00047211,1
TMP00047212,1
TMP00047213,0
TMP00047214,0
TMP00047215,0
TMP00047216,0
TMP00047217,0
TMP00047218,0
TMP00047219,0
TMP00047220,0
TMP00047221,0
TMP00047222,0
TMP00047223,0
TMP00047224,0
TMP00047225,0
TMP00047226,0
TMP00047227,0
TMP00047228,0
TMP00047229,0
TMP00047230,0
TMP00047231,0
TMP00047232,1
TMP00047449,1
TMP00047450,1
TMP00047451,1
TMP00047452,1
TMP00047453,1
TMP00047454,1
TMP00047455,1
TMP00047456,1
TMP00047457,0
TMP00047458,1
TMP00047459,1
TMP00047460,0
TMP00047461,1
TMP00047462,1
TMP00047463,1
TMP00047464,1
TMP00047465,1
TMP00047466,1
TMP00047467,1
TMP00047468,1
TMP00047469,1
TMP00047470,1
TMP00047471,1
TMP00047472,1
TMP00047473,1
TMP00047474,1
TMP00047475,1
TMP00047476,1
TMP00047477,1
TMP00047478,1
TMP00047479,0
TMP00047480,1
TMP00047481,0
TMP00047482,0
TMP00047483,1
TMP00047484,1
TMP00047485,0
TMP00047486,0
TMP00047487,1
TMP00047488,1
TMP00047489,1
TMP00047490,0
TMP00047491,1
TMP00047492,1
TMP00047493,1
TMP00047494,1
TMP00047495,1
TMP00047496,0
TMP00047497,1
TMP00047498,1
TMP00047499,1
TMP00047500,1
TMP00047501,1
TMP00047502,1
TMP00047503,0
TMP00047504,1
TMP00047505,0
TMP00047506,0
TMP00047507,0
TMP00047508,0
TMP00047509,0
TMP00047510,1
TMP00047511,1
TMP00047512,1
TMP00047513,1
TMP00047514,1
TMP00047515,1
TMP00047516,1
TMP00047517,1
TMP00047518,1
TMP00047519,1
TMP00047520,1
TMP00047521,1
TMP00047522,0
TMP00047523,1
TMP00047524,0
TMP00047525,1
TMP00047526,1
TMP00047527,1
TMP00047528,0
TMP00047529,1
TMP00047530,1
TMP00047531,0
TMP00047532,0
TMP00047533,1
TMP00047534,0
TMP00047535,0
TMP00047536,0
TMP00047537,0
TMP00047538,0
TMP00047539,0
TMP00047540,0
TMP00047541,0
TMP00047542,0
TMP00047543,0
TMP00047544,0
TMP00047545,0
TMP00047546,0
TMP00047547,0
TMP00047548,0
TMP00047549,0
TMP00047550,0
TMP00047551,1
TMP00047552,1
TMP00047553,1
TMP00047554,1
TMP00047555,1
TMP00047556,1
TMP00047557,1
TMP00047558,1
TMP00047559,1
TMP00047560,1
TMP00047561,1
TMP00047562,1
TMP00047563,1
TMP00047564,1
TMP00047565,1
TMP00047566,1
TMP00047567,1
TMP00047568,1
TMP00047569,1
TMP00047570,1
TMP00047571,1
TMP00047572,1
TMP00047573,1
TMP00047574,1
TMP00047575,1
TMP00047576,1
TMP00047577,1
TMP00047578,1
TMP00047579,1
TMP00047580,1
TMP00047581,1
TMP00047582,1
TMP00047583,1
TMP00047584,1
TMP00047585,1
TMP00047586,1
TMP00047587,1
TMP00047588,1
TMP00047589,1
TMP00047590,1
TMP00047591,1
TMP00047592,1
TMP00047593,1
TMP00047594,1
TMP00047595,1
TMP00047596,1
TMP00047597,1
TMP00047598,1
TMP00047599,1
TMP00047600,0
TMP00047601,1
TMP00047602,1
TMP00047603,1
TMP00047604,0
TMP00047605,1
TMP00047606,1
TMP00047607,1
TMP00047608,0
TMP00047609,1
TMP00047610,1
TMP00047611,1
TMP00047612,1
TMP00047613,1
TMP00047614,1
TMP00047615,1
TMP00047616,1
TMP00047617,1
TMP00047618,1
TMP00047619,1
TMP00047620,1
TMP00047621,0
TMP00047622,1
TMP00047623,1
TMP00047624,1
TMP00047625,1
TMP00047626,1
TMP00047627,1
TMP00047628,1
TMP00047629,1
TMP00047630,1
TMP00047631,1
TMP00047632,1
TMP00047633,1
TMP00047634,1
TMP00047635,1
TMP00047636,1
TMP00047637,1
TMP00047638,1
TMP00047639,1
TMP00047640,1
TMP00047641,1
TMP00047642,1
TMP00047643,1
TMP00047644,1
TMP00047645,1
TMP00047646,1
TMP00047647,1
TMP00047648,1
TMP00047649,1
TMP00047650,1
TMP00047651,1
TMP00047652,1
TMP00047653,1
TMP00047654,1
TMP00047655,1
TMP00047656,1
TMP00047657,1
TMP00047658,1
TMP00047659,1
TMP00047660,1
TMP00047661,1
TMP00047662,1
TMP00047663,1
TMP00047664,1
TMP00047665,1
TMP00047666,1
TMP00047667,1
TMP00047668,1
TMP00047669,1
TMP00047670,1
TMP00047671,1
TMP00047672,1
TMP00047673,1
TMP00047674,1
TMP00047675,1
TMP00047676,1
TMP00047677,1
TMP00047678,1
TMP00047679,1
TMP00047680,1
TMP00047681,1
TMP00047682,1
TMP00047683,1
TMP00047684,1
TMP00047685,1
TMP00047686,1
TMP00047687,1
TMP00047688,1
TMP00047689,1
TMP00047690,0
TMP00047691,1
TMP00047692,1
TMP00047693,1
TMP00047694,1
TMP00047695,1
TMP00047696,1
TMP00047697,1
TMP00047698,1
TMP00047699,1
TMP00047700,1
TMP00047701,1
TMP00047702,1
TMP00047703,1
TMP00047704,1
TMP00047705,1
TMP00047706,1
TMP00047707,1
TMP00047708,1
TMP00047709,1
TMP00047710,1
TMP00047711,1
TMP00047712,1
TMP00047713,1
TMP00047714,1
TMP00047715,1
TMP00047716,1
TMP00047717,1
TMP00047718,1
TMP00047719,0
TMP00047720,1
TMP00047721,1
TMP00047722,1
TMP00047723,1
TMP00047724,0
TMP00047725,0
TMP00047726,0
TMP00047727,1
TMP00047728,1
TMP00047729,1
TMP00047730,1
TMP00047731,1
TMP00047732,1
TMP00047733,1
TMP00047734,1
TMP00047735,0
TMP00047736,0
TMP00047737,0
TMP00047738,0
TMP00047739,0
TMP00047740,1
TMP00047741,1
TMP00047742,1
TMP00047743,1
TMP00047744,1
TMP00047745,1
TMP00047746,0
TMP00047747,0
TMP00047748,0
TMP00047749,1
TMP00047750,1
TMP00047751,1
TMP00047752,1
TMP00047753,0
TMP00047754,1
TMP00047755,1
TMP00047756,0
TMP00047757,1
TMP00047758,1
TMP00047759,1
TMP00047760,1
TMP00047761,1
TMP00047762,1
TMP00047763,1
TMP00047764,1
TMP00047765,1
TMP00047766,1
TMP00047767,1
TMP00047768,1
TMP00047769,1
TMP00047770,1
TMP00047771,1
TMP00047772,1
TMP00047773,0
TMP00047774,1
TMP00047775,1
TMP00047776,1
TMP00047777,1
TMP00047778,0
TMP00047779,1
TMP00047780,0
TMP00047781,1
TMP00047782,1
TMP00047783,1
TMP00047784,0
TMP00047785,1
TMP00047786,1
TMP00047787,1
TMP00047788,0
TMP00047789,0
TMP00047790,1
TMP00047791,1
TMP00047792,1
TMP00047793,1
TMP00047794,1
TMP00047795,1
TMP00047796,1
TMP00047797,1
TMP00047798,1
TMP00047799,1
TMP00047800,1
TMP00047801,1
TMP00047802,1
TMP00047803,1
TMP00047804,1
TMP00047805,1
TMP00047806,1
TMP00047807,1
TMP00047808,1
TMP00047809,1
TMP00047810,1
TMP00047811,1
TMP00047812,1
TMP00047813,1
TMP00047814,1
TMP00047815,0
TMP00047816,1
TMP00047817,1
TMP00047818,1
TMP00047819,1
TMP00047820,1
TMP00047821,1
TMP00047822,1
TMP00047823,1
TMP00047824,1
TMP00047825,1
TMP00047826,1
TMP00047827,1
TMP00047828,1
TMP00047829,1
TMP00047830,1
TMP00047831,1
TMP00047832,1
TMP00047833,1
TMP00047834,1
TMP00047835,0
TMP00047836,1
TMP00047837,1
TMP00047838,0
TMP00047839,1
TMP00047840,0
TMP00047841,1
TMP00047842,0
TMP00047843,1
TMP00047844,1
TMP00047845,1
TMP00047846,1
TMP00047847,1
TMP00047848,1
TMP00047849,1
TMP00047850,1
TMP00047851,1
TMP00047852,1
TMP00047853,1
TMP00047854,1
TMP00047855,1
TMP00047856,1
TMP00047857,1
TMP00047858,1
TMP00047859,1
TMP00047860,0
TMP00047861,0
TMP00047862,0
TMP00047863,1
TMP00047864,0
TMP00047865,0
TMP00047866,1
TMP00047867,1
TMP00047868,1
TMP00047869,0
TMP00047870,1
TMP00047871,1
TMP00047872,0
TMP00047873,1
TMP00047874,0
TMP00047875,1
TMP00047876,1
TMP00047877,1
TMP00047878,0
TMP00047879,1
TMP00047880,1
TMP00047881,0
TMP00047882,1
TMP00047883,1
TMP00047884,1
TMP00047885,1
TMP00047886,1
TMP00047887,0
TMP00047888,0
TMP00047889,1
TMP00047890,1
TMP00047891,1
TMP00047892,1
TMP00047893,1
TMP00047894,1
TMP00047895,1
TMP00047896,1
TMP00047897,1
TMP00047898,1
TMP00047899,1
TMP00047900,1
TMP00047901,1
TMP00047902,0
TMP00047903,1
TMP00047904,1
TMP00047905,0
TMP00047906,1
TMP00047907,1
TMP00047908,1
TMP00047909,1
TMP00047910,1
TMP00047911,1
TMP00047912,1
TMP00047913,1
TMP00047914,0
TMP00047915,1
TMP00047916,1
TMP00047917,1
TMP00047918,1
TMP00047919,1
TMP00047920,1
TMP00047921,0
TMP00047922,1
TMP00047923,1
TMP00047924,1
TMP00047925,0
TMP00047926,1
TMP00047927,1
TMP00047928,0
TMP00047929,1
TMP00047930,0
TMP00047931,1
TMP00047932,1
TMP00047933,0
TMP00047934,0
TMP00047935,0
TMP00047936,0
TMP00047937,0
TMP00047938,0
TMP00047939,0
TMP00047940,1
TMP00047941,1
TMP00047942,0
TMP00047943,1
TMP00047944,1
TMP00047945,1
TMP00047946,1
TMP00047947,0
TMP00047948,0
TMP00047949,0
TMP00047950,0
TMP00047951,0
TMP00047952,0
TMP00047953,0
TMP00047954,0
TMP00047955,0
TMP00047956,1
TMP00047957,1
TMP00047958,1
TMP00047959,0
TMP00047960,0
TMP00047961,1
TMP00047962,1
TMP00047963,1
TMP00047964,1
TMP00047965,0
TMP00047966,0
TMP00047967,1
TMP00047968,1
TMP00047969,1
TMP00047970,1
TMP00047971,1
TMP00047972,1
TMP00047973,0
TMP00047974,1
TMP00047975,1
TMP00047976,1
TMP00047977,1
TMP00047978,0
TMP00047979,0
TMP00047980,0
TMP00047981,0
TMP00047982,1
TMP00047983,1
TMP00047984,1
TMP00047985,1
TMP00047986,1
TMP00047987,1
TMP00047988,1
TMP00047989,1
TMP00047990,1
TMP00047991,1
TMP00047992,1
TMP00047993,1
TMP00047994,1
TMP00047995,1
TMP00047996,1
TMP00047997,1
TMP00047998,0
TMP00047999,1
TMP00048000,1
TMP00048001,1
TMP00048002,1
TMP00048003,1
TMP00048004,0
TMP00048005,1
TMP00048006,1
TMP00048007,1
TMP00048008,1
TMP00048009,1
TMP00048010,0
TMP00048011,1
TMP00048012,1
TMP00048013,1
TMP00048014,1
TMP00048015,0
TMP00048016,1
TMP00048017,1
TMP00048018,1
TMP00048019,0
TMP00048020,1
TMP00048021,1
TMP00048022,1
TMP00048023,1
TMP00048024,1
TMP00048025,1
TMP00048026,1
TMP00048027,1
TMP00048028,1
TMP00048029,1
TMP00048030,1
TMP00048031,0
TMP00048032,1
TMP00048033,1
TMP00048034,1
TMP00048035,0
TMP00048036,1
TMP00048037,1
TMP00048038,1
TMP00048039,1
TMP00048040,1
TMP00048041,0
TMP00048042,1
TMP00048043,1
TMP00048044,1
TMP00048045,1
TMP00048046,0
TMP00048047,0
TMP00048048,0
TMP00048049,0
TMP00048050,0
TMP00048051,0
TMP00048052,0
TMP00048053,0
TMP00048054,0
TMP00048055,0
TMP00048056,0
TMP00048057,0
TMP00048058,0
TMP00048059,0
TMP00048060,0
TMP00048061,1
TMP00048062,1
TMP00048063,1
TMP00048064,1
TMP00048065,0
TMP00048066,1
TMP00048067,1
TMP00048068,1
TMP00048069,1
TMP00048070,1
TMP00048071,1
TMP00048072,1
TMP00048073,1
TMP00048074,0
TMP00048075,1
TMP00048076,1
TMP00048077,1
TMP00048078,1
TMP00048079,1
TMP00048113,0
TMP00048114,0
TMP00048115,0
TMP00048116,0
TMP00048117,0
TMP00048118,0
TMP00048119,0
TMP00048120,0
TMP00048121,0
TMP00048122,0
TMP00048123,0
TMP00048124,0
TMP00048125,0
TMP00048126,0
TMP00048127,0
TMP00048128,0
TMP00048129,0
TMP00048130,0
TMP00048131,0
TMP00048132,0
TMP00048133,0
TMP00048134,0
TMP00048135,0
TMP00048136,0
TMP00048137,0
TMP00048138,0
TMP00048139,0
TMP00048140,0
TMP00048141,0
TMP00048142,0
TMP00048143,0
TMP00048144,0
TMP00048145,0
TMP00048146,0
TMP00048147,0
TMP00048148,0
TMP00048149,0
TMP00048150,0
TMP00048151,0
TMP00048152,0
TMP00048153,0
TMP00048154,0
TMP00048155,0
TMP00048156,0
TMP00048157,0
TMP00048158,0
TMP00048159,0
TMP00048160,0
TMP00048161,0
TMP00048162,0
TMP00048163,0
TMP00048164,0
TMP00048165,0
TMP00048166,0
TMP00048167,0
TMP00048168,0
TMP00048169,1
TMP00048170,1
TMP00048171,0
TMP00048172,0
TMP00048173,0
TMP00048174,0
TMP00048175,0
TMP00048176,0
TMP00048177,0
TMP00048178,0
TMP00048179,0
TMP00048180,0
TMP00048181,0
TMP00048182,0
TMP00048183,0
TMP00048184,0
TMP00048185,0
TMP00048186,0
TMP00048187,0
TMP00048188,0
TMP00048189,0
TMP00048190,0
TMP00048191,0
TMP00048192,0
TMP00048193,0
TMP00048194,0
TMP00048195,0
TMP00048196,0
TMP00048197,0
TMP00048198,0
TMP00048199,0
TMP00048200,0
TMP00048201,0
TMP00048202,0
TMP00048203,0
TMP00048204,0
TMP00048205,0
TMP00048206,0
TMP00048207,0
TMP00048208,0
TMP00048209,0
TMP00048210,0
TMP00048211,0
TMP00048212,0
TMP00048213,0
TMP00048214,0
TMP00048215,0
TMP00048216,0
TMP00048217,0
TMP00048218,0
TMP00048219,0
TMP00048220,0
TMP00048221,0
TMP00048222,0
TMP00048223,0
TMP00048224,0
TMP00048225,0
TMP00048226,0
TMP00048227,0
TMP00048228,0
TMP00048229,0
TMP00048230,0
TMP00048231,0
TMP00048232,0
TMP00048233,0
TMP00048234,0
TMP00048235,0
TMP00048236,0
TMP00048237,0
TMP00048238,0
TMP00048239,0
TMP00048240,0
TMP00048241,0
TMP00048242,0
TMP00048243,0
TMP00048244,0
TMP00048245,0
TMP00048246,0
TMP00048247,0
TMP00048248,0
TMP00048249,0
TMP00048250,0
TMP00048251,0
TMP00048252,0
TMP00048253,0
TMP00048254,0
TMP00048255,0
TMP00048256,0
TMP00048257,0
TMP00048258,0
TMP00048259,0
TMP00048260,0
TMP00048261,0
TMP00048262,0
TMP00048263,0
TMP00048264,0
TMP00048265,0
TMP00048266,0
TMP00048267,0
TMP00048268,0
TMP00048269,0
TMP00048270,0
TMP00048271,0
TMP00048272,0
TMP00048273,0
TMP00048274,0
TMP00048275,0
TMP00048276,0
TMP00048277,0
TMP00048278,0
TMP00048279,0
TMP00048280,0
TMP00048281,0
TMP00048282,0
TMP00048283,0
TMP00048284,0
TMP00048285,0
TMP00048286,0
TMP00048287,0
TMP00048288,0
TMP00048289,0
TMP00048290,0
TMP00048291,0
TMP00048292,0
TMP00048293,0
TMP00048294,0
TMP00048295,0
TMP00048296,0
TMP00048297,0
TMP00048298,0
TMP00048299,0
TMP00048300,0
TMP00048301,0
TMP00048302,0
TMP00048303,0
TMP00048304,0
TMP00048305,0
TMP00048306,0
TMP00048307,0
TMP00048308,0
TMP00048309,0
TMP00048310,0
TMP00048311,0
TMP00048312,0
TMP00048313,0
TMP00048314,0
TMP00048315,0
TMP00048316,0
TMP00048317,0
TMP00048318,0
TMP00048319,0
TMP00048320,0
TMP00048321,0
TMP00048322,0
TMP00048323,0
TMP00048324,0
TMP00048325,0
TMP00048326,0
TMP00048327,0
TMP00048328,0
TMP00048329,0
TMP00048330,0
TMP00048331,0
TMP00048332,0
TMP00048333,0
TMP00048334,0
TMP00048335,0
TMP00048336,0
TMP00048337,0
TMP00048338,0
TMP00048339,0
TMP00048340,0
TMP00048341,0
TMP00048342,0
TMP00048343,0
TMP00048344,0
TMP00048345,0
TMP00048346,0
TMP00048347,0
TMP00048348,0
TMP00048349,0
TMP00048350,0
TMP00048351,0
TMP00048352,0
TMP00048353,0
TMP00048354,0
TMP00048355,0
TMP00048356,0
TMP00048357,0
TMP00048358,0
TMP00048359,0
TMP00048360,0
TMP00048361,0
TMP00048362,0
TMP00048363,0
TMP00048364,0
TMP00048365,0
TMP00048366,0
TMP00048367,0
TMP00048368,0
TMP00048369,0
TMP00048370,0
TMP00048371,0
TMP00048372,0
TMP00048373,0
TMP00048374,0
TMP00048375,0
TMP00048376,0
TMP00048377,0
TMP00048378,0
TMP00048379,0
TMP00048380,0
TMP00048381,0
TMP00048382,0
TMP00048383,0
TMP00048384,0
TMP00048385,0
TMP00048386,0
TMP00048387,0
TMP00048388,0
TMP00048389,0
TMP00048390,0
TMP00048391,0
TMP00048392,0
TMP00048393,0
TMP00048394,0
TMP00048395,0
TMP00048396,0
TMP00048397,0
TMP00048398,0
TMP00048399,0
TMP00048400,0
TMP00048401,0
TMP00048402,0
TMP00048403,0
TMP00048404,0
TMP00048405,0
TMP00048406,0
TMP00048407,0
TMP00048408,0
TMP00048409,0
TMP00048410,0
TMP00048411,0
TMP00048412,0
TMP00048413,0
TMP00048414,0
TMP00048415,0
TMP00048416,0
TMP00048417,0
TMP00048418,0
TMP00048419,0
TMP00048420,0
TMP00048421,0
TMP00048422,0
TMP00048423,0
TMP00048424,1
TMP00048425,1
TMP00048426,0
TMP00048427,0
TMP00048428,0
TMP00048429,0
TMP00048430,0
TMP00048431,0
TMP00048432,0
TMP00048433,0
TMP00048434,0
TMP00048435,0
TMP00048436,0
TMP00048437,0
TMP00048438,0
TMP00048439,0
TMP00048440,0
TMP00048441,0
TMP00048442,0
TMP00048443,0
TMP00048444,0
TMP00048445,0
TMP00048446,0
TMP00048447,0
TMP00048448,0
TMP00048449,0
TMP00048450,0
TMP00048451,0
TMP00048452,0
TMP00048453,0
TMP00048454,0
TMP00048455,0
TMP00048456,0
TMP00048457,0
TMP00048458,0
TMP00048459,0
TMP00048460,0
TMP00048461,0
TMP00048462,0
TMP00048463,0
TMP00048464,0
TMP00048465,0
TMP00048466,0
TMP00048467,0
TMP00048468,0
TMP00048469,0
TMP00048470,0
TMP00048471,0
TMP00048472,0
TMP00048473,0
TMP00048474,0
TMP00048475,0
TMP00048476,0
TMP00048477,0
TMP00048478,0
TMP00048479,0
TMP00048480,0
TMP00048481,0
TMP00048482,0
TMP00048483,0
TMP00048484,0
TMP00048485,0
TMP00048486,0
TMP00048487,0
TMP00048488,0
TMP00048489,0
TMP00048490,0
TMP00048491,0
TMP00048492,0
TMP00048493,0
TMP00048494,0
TMP00048495,0
TMP00048496,0
TMP00048497,0
TMP00048498,0
TMP00048499,0
TMP00048500,0
TMP00048501,0
TMP00048502,0
TMP00048503,0
TMP00048504,0
TMP00048505,0
TMP00048506,0
TMP00048507,0
TMP00048508,0
TMP00048509,0
TMP00048510,0
TMP00048511,0
TMP00048512,0
TMP00048513,0
TMP00048514,0
TMP00048515,0
TMP00048516,0
TMP00048517,0
TMP00048518,0
TMP00048519,0
TMP00048520,0
TMP00048521,0
TMP00048522,0
TMP00048523,0
TMP00048524,0
TMP00048525,0
TMP00048526,0
TMP00048527,0
TMP00048528,0
TMP00048529,0
TMP00048530,0
TMP00048531,0
TMP00048532,0
TMP00048533,0
TMP00048534,0
TMP00048535,0
TMP00048536,0
TMP00048537,0
TMP00048538,0
TMP00048539,0
TMP00048540,0
TMP00048541,0
TMP00048542,0
TMP00048543,0
TMP00048544,0
TMP00048545,0
TMP00048546,0
TMP00048547,0
TMP00048548,0
TMP00048549,0
TMP00048550,0
TMP00048551,0
TMP00048552,0
TMP00048553,0
TMP00048554,0
TMP00048555,0
TMP00048556,0
TMP00048557,0
TMP00048558,0
TMP00048559,0
TMP00048560,0
TMP00048561,0
TMP00048562,0
TMP00048563,1
TMP00048564,0
TMP00048565,0
TMP00048566,0
TMP00048567,0
TMP00048568,0
TMP00048569,0
TMP00048570,0
TMP00048571,0
TMP00048572,0
TMP00048573,0
TMP00048574,0
TMP00048575,0
TMP00048576,0
TMP00048577,0
TMP00048578,0
TMP00048579,0
TMP00048580,0
TMP00048581,0
TMP00048582,0
TMP00048583,0
TMP00048584,0
TMP00048585,0
TMP00048586,0
TMP00048587,1
TMP00048588,0
TMP00048589,0
TMP00048590,0
TMP00048591,0
TMP00048592,0
TMP00048593,0
TMP00048594,0
TMP00048595,0
TMP00048596,0
TMP00048597,0
TMP00048598,0
