FEEDER_ID,馈线设备数量,端子节点数量,匹配主网节点数量,是否连接主网,状态
TMP00000001,248,191,1,1,正常电源路径
TMP00000002,245,161,1,1,正常电源路径
TMP00000003,218,170,1,1,正常电源路径
TMP00000004,92,75,1,1,正常电源路径
TMP00000005,235,175,1,1,正常电源路径
TMP00000006,677,415,1,1,正常电源路径
TMP00000007,262,162,1,1,正常电源路径
TMP00000008,109,70,1,1,正常电源路径
TMP00000009,388,246,1,1,正常电源路径
TMP00000010,453,295,1,1,正常电源路径
TMP00000011,438,300,1,1,正常电源路径
TMP00000012,235,140,0,0,未发现主网入口
TMP00000013,560,293,1,1,正常电源路径
TMP00000014,284,251,1,1,正常电源路径
TMP00000015,76,71,1,1,正常电源路径
TMP00000016,311,219,1,1,正常电源路径
TMP00000017,88,69,1,1,正常电源路径
TMP00000018,71,52,1,1,正常电源路径
TMP00000019,78,41,1,1,正常电源路径
TMP00000020,164,98,1,1,正常电源路径
TMP00000021,175,142,1,1,正常电源路径
TMP00000022,28,28,0,0,未发现主网入口
TMP00000023,89,89,0,0,未发现主网入口
TMP00000024,49,47,1,1,正常电源路径
TMP00000025,49,37,1,1,正常电源路径
TMP00000026,49,42,1,1,正常电源路径
TMP00000027,566,389,1,1,正常电源路径
TMP00000028,128,78,1,1,正常电源路径
TMP00000029,260,165,0,0,未发现主网入口
TMP00000030,165,137,0,0,未发现主网入口
TMP00000031,23,18,0,0,未发现主网入口
TMP00000032,128,91,1,1,正常电源路径
TMP00000033,180,123,1,1,正常电源路径
TMP00000034,516,283,1,1,正常电源路径
TMP00000035,187,146,0,0,未发现主网入口
TMP00000036,145,90,1,1,正常电源路径
TMP00000037,387,231,1,1,正常电源路径
TMP00000038,702,412,1,1,正常电源路径
TMP00000039,670,378,1,1,正常电源路径
TMP00000040,260,228,1,1,正常电源路径
TMP00000041,27,18,1,1,正常电源路径
TMP00000042,478,303,1,1,正常电源路径
TMP00000043,114,50,1,1,正常电源路径
TMP00000044,117,55,1,1,正常电源路径
TMP00000045,203,164,1,1,正常电源路径
TMP00000046,275,203,1,1,正常电源路径
TMP00000047,152,124,1,1,正常电源路径
TMP00000048,89,58,1,1,正常电源路径
TMP00000049,78,63,0,0,未发现主网入口
TMP00000050,272,198,1,1,正常电源路径
TMP00000051,199,154,1,1,正常电源路径
TMP00000052,357,316,1,1,正常电源路径
TMP00000053,22,17,0,0,未发现主网入口
TMP00000054,83,47,1,1,正常电源路径
TMP00000055,592,384,1,1,正常电源路径
TMP00000056,240,168,1,1,正常电源路径
TMP00000057,74,73,0,0,未发现主网入口
TMP00000058,75,63,1,1,正常电源路径
TMP00000059,348,198,1,1,正常电源路径
TMP00000060,352,219,1,1,正常电源路径
TMP00000061,82,61,0,0,未发现主网入口
TMP00000062,146,113,1,1,正常电源路径
TMP00000063,317,203,1,1,正常电源路径
TMP00000064,14,13,1,1,正常电源路径
TMP00000065,21,17,1,1,正常电源路径
TMP00000066,149,90,1,1,正常电源路径
TMP00000067,216,146,1,1,正常电源路径
TMP00000068,125,99,1,1,正常电源路径
TMP00000069,335,267,0,0,未发现主网入口
TMP00000070,553,367,1,1,正常电源路径
TMP00000071,219,134,1,1,正常电源路径
TMP00000072,133,77,1,1,正常电源路径
TMP00000073,419,280,1,1,正常电源路径
TMP00000074,231,138,1,1,正常电源路径
TMP00000075,121,74,1,1,正常电源路径
TMP00000076,444,238,1,1,正常电源路径
TMP00000077,83,82,1,1,正常电源路径
TMP00000078,394,269,1,1,正常电源路径
TMP00000079,359,251,1,1,正常电源路径
TMP00000080,144,84,1,1,正常电源路径
TMP00000081,284,168,1,1,正常电源路径
TMP00000082,210,174,1,1,正常电源路径
TMP00000083,21,17,0,0,未发现主网入口
TMP00000084,366,255,1,1,正常电源路径
TMP00000085,111,77,1,1,正常电源路径
TMP00000086,292,184,1,1,正常电源路径
TMP00000087,397,250,1,1,正常电源路径
TMP00000088,391,359,1,1,正常电源路径
TMP00000089,598,498,1,1,正常电源路径
TMP00000090,302,284,1,1,正常电源路径
TMP00000091,518,473,1,1,正常电源路径
TMP00000092,325,239,1,1,正常电源路径
TMP00000093,248,179,1,1,正常电源路径
TMP00000094,758,672,1,1,正常电源路径
TMP00000095,374,259,1,1,正常电源路径
TMP00000096,394,234,0,0,未发现主网入口
TMP00000097,8,7,1,1,正常电源路径
TMP00000098,1052,826,0,0,未发现主网入口
TMP00000099,224,215,1,1,正常电源路径
TMP00000100,141,127,0,0,未发现主网入口
TMP00000101,216,135,1,1,正常电源路径
TMP00000102,586,340,1,1,正常电源路径
TMP00000103,922,903,1,1,正常电源路径
TMP00000104,1136,1104,1,1,正常电源路径
TMP00000105,724,710,1,1,正常电源路径
TMP00000106,1113,1070,1,1,正常电源路径
TMP00000107,9,0,0,0,未发现主网入口
TMP00000108,587,335,0,0,未发现主网入口
TMP00000109,110,75,1,1,正常电源路径
TMP00000110,53,40,0,0,未发现主网入口
TMP00000111,274,179,0,0,未发现主网入口
TMP00000112,170,109,0,0,未发现主网入口
TMP00000113,228,134,1,1,正常电源路径
TMP00000114,287,163,0,0,未发现主网入口
TMP00000115,132,85,1,1,正常电源路径
TMP00000116,105,60,1,1,正常电源路径
TMP00000117,360,220,1,1,正常电源路径
TMP00000118,90,59,1,1,正常电源路径
TMP00000119,205,177,1,1,正常电源路径
TMP00000120,278,183,1,1,正常电源路径
TMP00000121,370,278,1,1,正常电源路径
TMP00000122,315,299,0,0,未发现主网入口
TMP00000123,185,106,1,1,正常电源路径
TMP00000124,127,113,1,1,正常电源路径
TMP00000125,948,560,1,1,正常电源路径
TMP00000126,548,351,1,1,正常电源路径
TMP00000127,216,140,1,1,正常电源路径
TMP00000128,707,468,1,1,正常电源路径
TMP00000129,72,37,1,1,正常电源路径
TMP00000130,373,252,0,0,未发现主网入口
TMP00000131,895,517,0,0,未发现主网入口
TMP00000132,565,308,0,0,未发现主网入口
TMP00000133,201,101,1,1,正常电源路径
TMP00000134,100,77,1,1,正常电源路径
TMP00000135,121,79,0,0,未发现主网入口
TMP00000136,195,181,1,1,正常电源路径
TMP00000137,634,409,1,1,正常电源路径
TMP00000138,555,331,1,1,正常电源路径
TMP00000139,280,198,1,1,正常电源路径
TMP00000140,795,394,0,0,未发现主网入口
TMP00000141,46,25,1,1,正常电源路径
TMP00000142,96,53,1,1,正常电源路径
TMP00000143,113,82,0,0,未发现主网入口
TMP00000144,245,205,1,1,正常电源路径
TMP00000145,140,101,1,1,正常电源路径
TMP00000146,184,125,1,1,正常电源路径
TMP00000147,138,126,1,1,正常电源路径
TMP00000148,166,129,0,0,未发现主网入口
TMP00000149,934,917,1,1,正常电源路径
TMP00000150,13,10,0,0,未发现主网入口
TMP00000151,19,14,1,1,正常电源路径
TMP00000152,98,60,0,0,未发现主网入口
TMP00000153,31,20,1,1,正常电源路径
TMP00000155,33,24,1,1,正常电源路径
TMP00000156,39,24,1,1,正常电源路径
TMP00000157,62,44,0,0,未发现主网入口
TMP00000158,44,31,1,1,正常电源路径
TMP00000159,99,74,1,1,正常电源路径
TMP00000160,821,481,1,1,正常电源路径
TMP00000161,294,274,0,0,未发现主网入口
TMP00000162,93,65,1,1,正常电源路径
TMP00000163,30,23,0,0,未发现主网入口
TMP00000164,169,121,1,1,正常电源路径
TMP00000165,26,19,1,1,正常电源路径
TMP00000166,201,136,1,1,正常电源路径
TMP00000167,87,53,1,1,正常电源路径
TMP00000168,138,88,1,1,正常电源路径
TMP00000169,67,54,0,0,未发现主网入口
TMP00000170,59,38,1,1,正常电源路径
TMP00000171,19,17,1,1,正常电源路径
TMP00000172,19,17,1,1,正常电源路径
TMP00000173,211,143,1,1,正常电源路径
TMP00000174,85,55,0,0,未发现主网入口
TMP00000175,31,24,1,1,正常电源路径
TMP00000176,87,63,1,1,正常电源路径
TMP00000177,35,25,1,1,正常电源路径
TMP00000179,349,271,1,1,正常电源路径
TMP00000180,749,736,1,1,正常电源路径
TMP00000181,59,55,1,1,正常电源路径
TMP00000183,24,16,1,1,正常电源路径
TMP00000185,28,20,1,1,正常电源路径
TMP00000186,42,25,1,1,正常电源路径
TMP00000188,1401,877,1,1,正常电源路径
TMP00000189,1679,1381,1,1,正常电源路径
