EQUIP_ID,EQUIP_TYPE,ST_ID
TMP00046786,1321,TMP00000190
TMP00046787,1321,TMP00000190
TMP00046788,1321,TMP00000190
TMP00046789,1321,TMP00000190
TMP00046790,1321,TMP00000190
TMP00046791,1321,TMP00000190
TMP00046792,1321,TMP00000190
TMP00046793,1321,TMP00000190
TMP00046794,1321,TMP00000190
TMP00046795,1321,TMP00000190
TMP00046796,1321,TMP00000190
TMP00046797,1321,TMP00000190
TMP00046798,1321,TMP00000190
TMP00046800,1321,TMP00000193
TMP00046801,1321,TMP00000193
TMP00046802,1321,TMP00000193
TMP00046803,1321,TMP00000193
TMP00046804,1321,TMP00000193
TMP00046809,1321,TMP00000193
TMP00046810,1321,TMP00000193
TMP00046811,1321,TMP00000193
TMP00046812,1321,TMP00000193
TMP00046821,1321,TMP00000191
TMP00046822,1321,TMP00000191
TMP00046823,1321,TMP00000191
TMP00046824,1321,TMP00000191
TMP00046825,1321,TMP00000191
TMP00046826,1321,TMP00000191
TMP00046827,1321,TMP00000191
TMP00046828,1321,TMP00000191
TMP00046829,1321,TMP00000191
TMP00046830,1321,TMP00000191
TMP00046831,1321,TMP00000191
TMP00046832,1321,TMP00000191
TMP00046833,1321,TMP00000191
TMP00046834,1321,TMP00000191
TMP00046835,1321,TMP00000191
TMP00046836,1321,TMP00000191
TMP00046841,1321,TMP00000190
TMP00046842,1321,TMP00000190
TMP00046843,1321,TMP00000190
TMP00046844,1321,TMP00000190
TMP00046845,1321,TMP00000190
TMP00046846,1321,TMP00000190
TMP00046847,1321,TMP00000190
TMP00046848,1321,TMP00000190
TMP00046849,1321,TMP00000190
TMP00046850,1321,TMP00000190
TMP00046851,1321,TMP00000190
TMP00046852,1321,TMP00000190
TMP00046853,1321,TMP00000190
TMP00046854,1321,TMP00000190
TMP00046855,1321,TMP00000190
TMP00046856,1321,TMP00000190
TMP00046857,1321,TMP00000190
TMP00046858,1321,TMP00000190
TMP00046859,1321,TMP00000190
TMP00046860,1321,TMP00000190
TMP00046861,1321,TMP00000190
TMP00046863,1321,TMP00000193
TMP00046864,1321,TMP00000193
TMP00046866,1321,TMP00000193
TMP00046869,1321,TMP00000191
TMP00046870,1321,TMP00000191
TMP00046871,1321,TMP00000191
TMP00046872,1321,TMP00000191
TMP00046873,1321,TMP00000191
TMP00046874,1321,TMP00000191
TMP00046875,1321,TMP00000191
TMP00046876,1321,TMP00000191
TMP00046877,1321,TMP00000191
TMP00046878,1321,TMP00000191
TMP00046879,1321,TMP00000191
TMP00046880,1321,TMP00000191
TMP00046882,1321,TMP00000194
TMP00046897,1321,TMP00000194
TMP00046898,1321,TMP00000194
TMP00046899,1321,TMP00000194
TMP00046900,1321,TMP00000194
TMP00046901,1321,TMP00000194
TMP00046902,1321,TMP00000194
TMP00046903,1321,TMP00000194
TMP00046904,1321,TMP00000194
TMP00046905,1321,TMP00000194
TMP00046906,1321,TMP00000194
TMP00046907,1321,TMP00000194
TMP00046909,1321,TMP00000191
TMP00046910,1321,TMP00000191
TMP00046911,1321,TMP00000191
TMP00046912,1321,TMP00000191
TMP00046913,1321,TMP00000191
TMP00046914,1321,TMP00000191
TMP00046915,1321,TMP00000191
TMP00046916,1321,TMP00000191
TMP00046917,1321,TMP00000191
TMP00046918,1321,TMP00000191
TMP00046919,1321,TMP00000191
TMP00046920,1321,TMP00000191
TMP00046921,1321,TMP00000191
TMP00046922,1321,TMP00000191
TMP00046923,1321,TMP00000191
TMP00046924,1321,TMP00000191
TMP00046925,1321,TMP00000191
TMP00046926,1321,TMP00000191
TMP00046927,1321,TMP00000191
TMP00046928,1321,TMP00000191
TMP00046929,1321,TMP00000191
TMP00046930,1321,TMP00000191
TMP00046931,1321,TMP00000191
TMP00046932,1321,TMP00000191
TMP00046933,1321,TMP00000194
TMP00046934,1321,TMP00000194
TMP00046936,1321,TMP00000194
TMP00046937,1321,TMP00000194
TMP00046938,1321,TMP00000194
TMP00046939,1321,TMP00000194
TMP00046940,1321,TMP00000194
TMP00046941,1321,TMP00000194
TMP00046942,1321,TMP00000194
TMP00046943,1321,TMP00000194
TMP00046944,1321,TMP00000194
TMP00046945,1321,TMP00000194
TMP00046946,1321,TMP00000194
TMP00046947,1321,TMP00000194
TMP00046948,1321,TMP00000194
TMP00046951,1321,TMP00000191
TMP00046952,1321,TMP00000190
TMP00046953,1321,TMP00000190
TMP00046954,1321,TMP00000190
TMP00046955,1321,TMP00000190
TMP00046956,1321,TMP00000190
TMP00046957,1321,TMP00000190
TMP00046958,1321,TMP00000190
TMP00046959,1321,TMP00000190
TMP00046960,1321,TMP00000190
TMP00046961,1321,TMP00000190
TMP00046962,1321,TMP00000190
TMP00046974,1321,TMP00000193
TMP00046975,1321,TMP00000193
TMP00046976,1321,TMP00000193
TMP00046977,1321,TMP00000193
TMP00046978,1321,TMP00000193
TMP00046979,1321,TMP00000193
TMP00046980,1321,TMP00000193
TMP00046981,1321,TMP00000193
TMP00046988,1321,TMP00000193
TMP00046989,1321,TMP00000193
TMP00046990,1321,TMP00000193
TMP00046991,1321,TMP00000193
TMP00046992,1321,TMP00000192
TMP00046993,1321,TMP00000192
TMP00046994,1321,TMP00000192
TMP00046995,1321,TMP00000192
TMP00046996,1321,TMP00000192
TMP00046997,1321,TMP00000192
TMP00046998,1321,TMP00000192
TMP00046999,1321,TMP00000192
TMP00047000,1321,TMP00000192
TMP00047001,1321,TMP00000192
TMP00047002,1321,TMP00000192
TMP00047003,1321,TMP00000192
TMP00047004,1321,TMP00000192
TMP00047005,1321,TMP00000192
TMP00047006,1321,TMP00000192
TMP00047007,1321,TMP00000192
TMP00047008,1321,TMP00000192
TMP00047009,1321,TMP00000192
TMP00047010,1321,TMP00000192
TMP00047011,1321,TMP00000193
TMP00047012,1321,TMP00000193
TMP00047013,1321,TMP00000193
TMP00047014,1321,TMP00000193
TMP00047015,1321,TMP00000193
TMP00047016,1321,TMP00000193
TMP00047017,1321,TMP00000193
TMP00047018,1321,TMP00000193
TMP00047025,1321,TMP00000192
TMP00047026,1321,TMP00000192
TMP00047028,1321,TMP00000192
TMP00047029,1321,TMP00000192
TMP00047030,1321,TMP00000192
TMP00047031,1321,TMP00000192
TMP00047032,1321,TMP00000192
TMP00047033,1321,TMP00000192
TMP00047034,1321,TMP00000192
TMP00047035,1321,TMP00000192
TMP00047036,1321,TMP00000192
TMP00047037,1321,TMP00000192
TMP00047038,1321,TMP00000192
TMP00047039,1321,TMP00000192
TMP00047040,1321,TMP00000192
TMP00047041,1321,TMP00000192
TMP00047042,1321,TMP00000192
TMP00047043,1321,TMP00000192
TMP00047044,1321,TMP00000192
TMP00047045,1321,TMP00000192
TMP00047046,1321,TMP00000192
TMP00047053,1321,TMP00000195
TMP00047055,1321,TMP00000195
TMP00047056,1321,TMP00000195
TMP00047057,1321,TMP00000195
TMP00047058,1321,TMP00000195
TMP00047059,1321,TMP00000195
TMP00047060,1321,TMP00000195
TMP00047061,1321,TMP00000195
TMP00047062,1321,TMP00000195
TMP00047063,1321,TMP00000195
TMP00047064,1321,TMP00000195
TMP00047065,1321,TMP00000195
TMP00047066,1321,TMP00000195
TMP00047067,1321,TMP00000195
TMP00047068,1321,TMP00000195
TMP00047069,1321,TMP00000195
TMP00047070,1321,TMP00000195
TMP00047071,1321,TMP00000195
TMP00047072,1321,TMP00000195
TMP00047073,1321,TMP00000195
TMP00047074,1321,TMP00000195
TMP00047075,1321,TMP00000195
TMP00047076,1321,TMP00000195
TMP00047077,1321,TMP00000195
TMP00047078,1321,TMP00000195
TMP00047079,1321,TMP00000195
TMP00047080,1321,TMP00000195
TMP00047081,1321,TMP00000195
TMP00047082,1321,TMP00000195
TMP00047083,1321,TMP00000195
TMP00047084,1321,TMP00000195
TMP00047085,1321,TMP00000195
TMP00047086,1321,TMP00000195
TMP00047087,1321,TMP00000195
TMP00047088,1321,TMP00000191
TMP00047089,1321,TMP00000191
TMP00047090,1321,TMP00000191
TMP00047091,1321,TMP00000191
TMP00047092,1321,TMP00000191
TMP00047093,1321,TMP00000191
TMP00047094,1321,TMP00000191
TMP00047095,1321,TMP00000191
TMP00047096,1321,TMP00000191
TMP00047097,1321,TMP00000191
TMP00047098,1321,TMP00000191
TMP00047099,1321,TMP00000191
TMP00047100,1321,TMP00000191
TMP00047101,1321,TMP00000191
TMP00047102,1321,TMP00000191
TMP00047103,1321,TMP00000191
TMP00047104,1321,TMP00000191
TMP00047105,1321,TMP00000191
TMP00047106,1321,TMP00000191
TMP00047107,1321,TMP00000191
TMP00047108,1321,TMP00000191
TMP00047110,1321,TMP00000196
TMP00047111,1321,TMP00000196
TMP00047117,1321,TMP00000196
TMP00047118,1321,TMP00000196
TMP00047119,1321,TMP00000196
TMP00047120,1321,TMP00000196
TMP00047121,1321,TMP00000196
TMP00047122,1321,TMP00000196
TMP00047123,1321,TMP00000196
TMP00047124,1321,TMP00000196
TMP00047125,1321,TMP00000196
TMP00047126,1321,TMP00000196
TMP00047127,1321,TMP00000196
TMP00047128,1321,TMP00000196
TMP00047129,1321,TMP00000196
TMP00047130,1321,TMP00000196
TMP00047131,1321,TMP00000196
TMP00047132,1321,TMP00000196
TMP00047133,1321,TMP00000196
TMP00047134,1321,TMP00000196
TMP00047135,1321,TMP00000196
TMP00047136,1321,TMP00000196
TMP00047137,1321,TMP00000196
TMP00047138,1321,TMP00000196
TMP00047139,1321,TMP00000196
TMP00047140,1321,TMP00000196
TMP00047148,1321,TMP00000196
TMP00047149,1321,TMP00000196
TMP00047153,1321,TMP00000196
TMP00047154,1321,TMP00000196
TMP00047155,1321,TMP00000196
TMP00047156,1321,TMP00000196
TMP00047157,1321,TMP00000196
TMP00047158,1321,TMP00000196
TMP00047159,1321,TMP00000196
TMP00047160,1321,TMP00000196
TMP00047161,1321,TMP00000196
TMP00047162,1321,TMP00000196
TMP00047163,1321,TMP00000196
TMP00047164,1321,TMP00000196
TMP00047165,1321,TMP00000196
TMP00047166,1321,TMP00000196
TMP00047173,1321,TMP00000197
TMP00047175,1321,TMP00000197
TMP00047176,1321,TMP00000197
TMP00047177,1321,TMP00000197
TMP00047178,1321,TMP00000197
TMP00047179,1321,TMP00000197
TMP00047180,1321,TMP00000197
TMP00047181,1321,TMP00000197
TMP00047182,1321,TMP00000197
TMP00047183,1321,TMP00000197
TMP00047184,1321,TMP00000197
TMP00047185,1321,TMP00000197
TMP00047186,1321,TMP00000197
TMP00047187,1321,TMP00000197
TMP00047188,1321,TMP00000197
TMP00047189,1321,TMP00000197
TMP00047190,1321,TMP00000197
TMP00047191,1321,TMP00000197
TMP00047192,1321,TMP00000197
TMP00047193,1321,TMP00000197
TMP00047194,1321,TMP00000197
TMP00047195,1321,TMP00000197
TMP00047196,1321,TMP00000197
TMP00047197,1321,TMP00000197
TMP00047198,1321,TMP00000197
TMP00047199,1321,TMP00000197
TMP00047200,1321,TMP00000197
TMP00047201,1321,TMP00000197
TMP00047202,1321,TMP00000197
TMP00047203,1321,TMP00000197
TMP00047204,1321,TMP00000197
TMP00047205,1321,TMP00000197
TMP00047206,1321,TMP00000197
TMP00047207,1321,TMP00000197
TMP00047208,1321,TMP00000197
TMP00047209,1321,TMP00000197
TMP00047211,1321,TMP00000196
TMP00047212,1321,TMP00000196
TMP00047214,1321,TMP00000196
TMP00047215,1321,TMP00000196
TMP00047216,1321,TMP00000196
TMP00047217,1321,TMP00000196
TMP00047218,1321,TMP00000196
TMP00047219,1321,TMP00000196
TMP00047220,1321,TMP00000196
TMP00047221,1321,TMP00000196
TMP00047222,1321,TMP00000196
TMP00047223,1321,TMP00000196
TMP00047224,1321,TMP00000196
TMP00047225,1321,TMP00000196
TMP00047226,1321,TMP00000196
TMP00047227,1321,TMP00000196
TMP00047228,1321,TMP00000196
TMP00047229,1321,TMP00000196
TMP00047230,1321,TMP00000196
TMP00047231,1321,TMP00000196
TMP00047232,1321,TMP00000196
TMP00047233,1321,TMP00000190
TMP00047234,1321,TMP00000190
TMP00047256,1317,TMP00000196
TMP00047257,1317,TMP00000196
TMP00047258,1317,TMP00000196
TMP00047259,1317,TMP00000196
TMP00047260,1317,TMP00000196
TMP00047267,1108,TMP00000190
TMP00047268,1318,TMP00000190
TMP00047280,1108,TMP00000193
TMP00047281,1108,TMP00000193
TMP00047287,1318,TMP00000190
TMP00047292,1108,TMP00000191
TMP00047293,1318,TMP00000191
TMP00047297,1317,TMP00000191
TMP00047298,1108,TMP00000190
TMP00047299,1108,TMP00000190
TMP00047301,1317,TMP00000193
TMP00047302,1317,TMP00000193
TMP00047309,1108,TMP00000194
TMP00047311,1317,TMP00000194
TMP00047316,1108,TMP00000191
TMP00047317,1318,TMP00000191
TMP00047321,1318,TMP00000194
TMP00047322,1108,TMP00000194
TMP00047323,1108,TMP00000194
TMP00047324,1325,TMP00000191
TMP00047325,1325,TMP00000191
TMP00047326,1325,TMP00000191
TMP00047327,1108,TMP00000193
TMP00047328,1325,TMP00000193
TMP00047329,1317,TMP00000193
TMP00047332,1108,TMP00000193
TMP00047333,1108,TMP00000192
TMP00047334,1108,TMP00000192
TMP00047335,1317,TMP00000192
TMP00047336,1108,TMP00000192
TMP00047337,1108,TMP00000192
TMP00047356,1108,TMP00000195
TMP00047357,1108,TMP00000195
TMP00047358,1108,TMP00000195
TMP00047359,1318,TMP00000195
TMP00047360,1318,TMP00000195
TMP00047361,1325,TMP00000195
TMP00047362,1325,TMP00000195
TMP00047363,1318,TMP00000191
TMP00047364,1325,TMP00000191
TMP00047381,1318,TMP00000190
TMP00047382,1318,TMP00000190
TMP00047389,1314,TMP00000196
TMP00047390,1318,TMP00000194
TMP00047393,1318,TMP00000191
TMP00047394,1318,TMP00000191
TMP00047395,1325,TMP00000197
TMP00047396,1325,TMP00000197
TMP00047397,1318,TMP00000197
TMP00047398,1318,TMP00000197
TMP00047399,1108,TMP00000197
TMP00047400,1108,TMP00000197
TMP00047409,1108,TMP00000197
TMP00047412,1318,TMP00000196
TMP00047413,1108,TMP00000196
TMP00047414,1108,TMP00000196
TMP00047417,1108,TMP00000190
TMP00047455,1322,TMP00000190
TMP00047457,1322,TMP00000190
TMP00047479,1322,TMP00000191
TMP00047480,1322,TMP00000191
TMP00047485,1322,TMP00000191
TMP00047486,1322,TMP00000191
TMP00047499,1322,TMP00000190
TMP00047500,1322,TMP00000190
TMP00047521,1322,TMP00000194
TMP00047524,1322,TMP00000191
TMP00047525,1322,TMP00000191
TMP00047527,1322,TMP00000194
TMP00047529,1322,TMP00000194
TMP00047530,1322,TMP00000194
TMP00047531,1322,TMP00000191
TMP00047533,1322,TMP00000191
TMP00047534,1322,TMP00000191
TMP00047535,1322,TMP00000191
TMP00047538,1322,TMP00000190
TMP00047539,1322,TMP00000190
TMP00047540,1322,TMP00000190
TMP00047543,1322,TMP00000194
TMP00047556,1322,TMP00000193
TMP00047557,1322,TMP00000190
TMP00047558,1322,TMP00000190
TMP00047559,1322,TMP00000190
TMP00047560,1322,TMP00000190
TMP00047561,1322,TMP00000190
TMP00047562,1322,TMP00000190
TMP00047563,1322,TMP00000190
TMP00047564,1322,TMP00000190
TMP00047565,1322,TMP00000190
TMP00047566,1322,TMP00000190
TMP00047567,1322,TMP00000190
TMP00047568,1322,TMP00000190
TMP00047569,1322,TMP00000190
TMP00047570,1322,TMP00000190
TMP00047571,1322,TMP00000190
TMP00047572,1322,TMP00000190
TMP00047573,1322,TMP00000190
TMP00047574,1322,TMP00000190
TMP00047575,1322,TMP00000190
TMP00047576,1322,TMP00000190
TMP00047577,1322,TMP00000190
TMP00047578,1322,TMP00000190
TMP00047579,1322,TMP00000190
TMP00047580,1322,TMP00000190
TMP00047581,1322,TMP00000190
TMP00047582,1322,TMP00000190
TMP00047583,1322,TMP00000190
TMP00047584,1322,TMP00000190
TMP00047585,1322,TMP00000190
TMP00047586,1322,TMP00000190
TMP00047587,1322,TMP00000190
TMP00047588,1322,TMP00000190
TMP00047589,1322,TMP00000190
TMP00047590,1322,TMP00000190
TMP00047591,1322,TMP00000190
TMP00047592,1322,TMP00000190
TMP00047593,1322,TMP00000190
TMP00047594,1322,TMP00000190
TMP00047595,1322,TMP00000190
TMP00047612,1322,TMP00000194
TMP00047613,1322,TMP00000194
TMP00047614,1322,TMP00000194
TMP00047615,1322,TMP00000194
TMP00047616,1322,TMP00000194
TMP00047617,1322,TMP00000194
TMP00047618,1322,TMP00000194
TMP00047619,1322,TMP00000194
TMP00047620,1322,TMP00000194
TMP00047621,1322,TMP00000194
TMP00047622,1322,TMP00000194
TMP00047623,1322,TMP00000194
TMP00047624,1322,TMP00000194
TMP00047625,1322,TMP00000194
TMP00047626,1322,TMP00000194
TMP00047627,1322,TMP00000194
TMP00047628,1322,TMP00000194
TMP00047629,1322,TMP00000194
TMP00047630,1322,TMP00000194
TMP00047631,1322,TMP00000194
TMP00047632,1322,TMP00000194
TMP00047633,1322,TMP00000194
TMP00047634,1322,TMP00000194
TMP00047635,1322,TMP00000194
TMP00047636,1322,TMP00000194
TMP00047637,1322,TMP00000194
TMP00047638,1322,TMP00000194
TMP00047639,1322,TMP00000193
TMP00047640,1322,TMP00000193
TMP00047641,1322,TMP00000193
TMP00047642,1322,TMP00000193
TMP00047643,1322,TMP00000193
TMP00047644,1322,TMP00000193
TMP00047645,1322,TMP00000193
TMP00047646,1322,TMP00000193
TMP00047647,1322,TMP00000193
TMP00047648,1322,TMP00000193
TMP00047649,1322,TMP00000193
TMP00047650,1322,TMP00000193
TMP00047651,1322,TMP00000193
TMP00047652,1322,TMP00000193
TMP00047659,1322,TMP00000191
TMP00047660,1322,TMP00000191
TMP00047661,1322,TMP00000191
TMP00047662,1322,TMP00000191
TMP00047663,1322,TMP00000191
TMP00047664,1322,TMP00000191
TMP00047665,1322,TMP00000191
TMP00047666,1322,TMP00000191
TMP00047667,1322,TMP00000191
TMP00047668,1322,TMP00000191
TMP00047669,1322,TMP00000191
TMP00047670,1322,TMP00000191
TMP00047671,1322,TMP00000191
TMP00047672,1322,TMP00000191
TMP00047673,1322,TMP00000191
TMP00047674,1322,TMP00000191
TMP00047675,1322,TMP00000191
TMP00047676,1322,TMP00000191
TMP00047677,1322,TMP00000191
TMP00047678,1322,TMP00000191
TMP00047679,1322,TMP00000191
TMP00047680,1322,TMP00000191
TMP00047681,1322,TMP00000191
TMP00047682,1322,TMP00000191
TMP00047683,1322,TMP00000191
TMP00047684,1322,TMP00000191
TMP00047685,1322,TMP00000191
TMP00047686,1322,TMP00000191
TMP00047687,1322,TMP00000191
TMP00047688,1322,TMP00000191
TMP00047689,1322,TMP00000191
TMP00047691,1322,TMP00000193
TMP00047692,1322,TMP00000193
TMP00047693,1322,TMP00000193
TMP00047694,1322,TMP00000193
TMP00047698,1322,TMP00000193
TMP00047699,1322,TMP00000193
TMP00047703,1322,TMP00000192
TMP00047704,1322,TMP00000192
TMP00047705,1322,TMP00000192
TMP00047706,1322,TMP00000192
TMP00047707,1322,TMP00000192
TMP00047708,1322,TMP00000192
TMP00047709,1322,TMP00000192
TMP00047710,1322,TMP00000192
TMP00047711,1322,TMP00000192
TMP00047712,1322,TMP00000192
TMP00047713,1322,TMP00000192
TMP00047714,1322,TMP00000192
TMP00047715,1322,TMP00000192
TMP00047716,1322,TMP00000192
TMP00047717,1322,TMP00000192
TMP00047718,1322,TMP00000192
TMP00047719,1322,TMP00000192
TMP00047720,1322,TMP00000192
TMP00047721,1322,TMP00000192
TMP00047722,1322,TMP00000192
TMP00047723,1322,TMP00000192
TMP00047724,1322,TMP00000192
TMP00047725,1322,TMP00000192
TMP00047726,1322,TMP00000191
TMP00047727,1322,TMP00000193
TMP00047728,1322,TMP00000193
TMP00047729,1322,TMP00000193
TMP00047730,1322,TMP00000193
TMP00047731,1322,TMP00000193
TMP00047732,1322,TMP00000193
TMP00047733,1322,TMP00000193
TMP00047734,1322,TMP00000193
TMP00047735,1322,TMP00000192
TMP00047736,1322,TMP00000192
TMP00047759,1322,TMP00000192
TMP00047760,1322,TMP00000192
TMP00047761,1322,TMP00000192
TMP00047762,1322,TMP00000192
TMP00047763,1322,TMP00000192
TMP00047764,1322,TMP00000192
TMP00047765,1322,TMP00000192
TMP00047766,1322,TMP00000192
TMP00047767,1322,TMP00000192
TMP00047768,1322,TMP00000192
TMP00047769,1322,TMP00000192
TMP00047770,1322,TMP00000192
TMP00047771,1322,TMP00000192
TMP00047772,1322,TMP00000192
TMP00047773,1322,TMP00000192
TMP00047774,1322,TMP00000192
TMP00047775,1322,TMP00000192
TMP00047776,1322,TMP00000192
TMP00047777,1322,TMP00000192
TMP00047778,1322,TMP00000192
TMP00047779,1322,TMP00000192
TMP00047780,1322,TMP00000192
TMP00047781,1322,TMP00000192
TMP00047782,1322,TMP00000192
TMP00047783,1322,TMP00000192
TMP00047800,1322,TMP00000195
TMP00047803,1322,TMP00000195
TMP00047804,1322,TMP00000195
TMP00047805,1322,TMP00000195
TMP00047806,1322,TMP00000195
TMP00047807,1322,TMP00000195
TMP00047808,1322,TMP00000195
TMP00047809,1322,TMP00000195
TMP00047810,1322,TMP00000195
TMP00047811,1322,TMP00000195
TMP00047812,1322,TMP00000195
TMP00047813,1322,TMP00000195
TMP00047814,1322,TMP00000195
TMP00047815,1322,TMP00000195
TMP00047816,1322,TMP00000195
TMP00047817,1322,TMP00000195
TMP00047818,1322,TMP00000195
TMP00047819,1322,TMP00000195
TMP00047820,1322,TMP00000195
TMP00047821,1322,TMP00000195
TMP00047822,1322,TMP00000195
TMP00047823,1322,TMP00000195
TMP00047824,1322,TMP00000195
TMP00047825,1322,TMP00000195
TMP00047826,1322,TMP00000195
TMP00047827,1322,TMP00000195
TMP00047828,1322,TMP00000195
TMP00047829,1322,TMP00000195
TMP00047830,1322,TMP00000195
TMP00047831,1322,TMP00000195
TMP00047832,1322,TMP00000195
TMP00047833,1322,TMP00000195
TMP00047834,1322,TMP00000195
TMP00047835,1322,TMP00000195
TMP00047836,1322,TMP00000195
TMP00047837,1322,TMP00000195
TMP00047838,1322,TMP00000195
TMP00047839,1322,TMP00000195
TMP00047840,1322,TMP00000195
TMP00047841,1322,TMP00000195
TMP00047842,1322,TMP00000195
TMP00047843,1322,TMP00000191
TMP00047844,1322,TMP00000191
TMP00047845,1322,TMP00000191
TMP00047846,1322,TMP00000191
TMP00047847,1322,TMP00000191
TMP00047848,1322,TMP00000191
TMP00047849,1322,TMP00000191
TMP00047850,1322,TMP00000191
TMP00047851,1322,TMP00000191
TMP00047852,1322,TMP00000191
TMP00047853,1322,TMP00000191
TMP00047854,1322,TMP00000191
TMP00047855,1322,TMP00000191
TMP00047856,1322,TMP00000191
TMP00047857,1322,TMP00000191
TMP00047858,1322,TMP00000191
TMP00047859,1322,TMP00000191
TMP00047860,1322,TMP00000191
TMP00047861,1322,TMP00000191
TMP00047862,1322,TMP00000191
TMP00047863,1322,TMP00000191
TMP00047864,1322,TMP00000191
TMP00047865,1322,TMP00000191
TMP00047866,1322,TMP00000191
TMP00047867,1322,TMP00000191
TMP00047888,1322,TMP00000196
TMP00047889,1322,TMP00000196
TMP00047890,1322,TMP00000196
TMP00047891,1322,TMP00000196
TMP00047892,1322,TMP00000196
TMP00047893,1322,TMP00000196
TMP00047894,1322,TMP00000196
TMP00047895,1322,TMP00000196
TMP00047896,1322,TMP00000196
TMP00047897,1322,TMP00000196
TMP00047898,1322,TMP00000196
TMP00047899,1322,TMP00000196
TMP00047900,1322,TMP00000196
TMP00047901,1322,TMP00000196
TMP00047902,1322,TMP00000196
TMP00047903,1322,TMP00000196
TMP00047904,1322,TMP00000196
TMP00047905,1322,TMP00000196
TMP00047906,1322,TMP00000196
TMP00047907,1322,TMP00000196
TMP00047908,1322,TMP00000196
TMP00047909,1322,TMP00000196
TMP00047910,1322,TMP00000196
TMP00047911,1322,TMP00000196
TMP00047912,1322,TMP00000196
TMP00047913,1322,TMP00000196
TMP00047914,1322,TMP00000196
TMP00047915,1322,TMP00000196
TMP00047916,1322,TMP00000196
TMP00047917,1322,TMP00000196
TMP00047918,1322,TMP00000196
TMP00047919,1322,TMP00000196
TMP00047920,1322,TMP00000196
TMP00047921,1322,TMP00000196
TMP00047945,1322,TMP00000196
TMP00047946,1322,TMP00000196
TMP00047956,1322,TMP00000196
TMP00047957,1322,TMP00000196
TMP00047958,1322,TMP00000196
TMP00047959,1322,TMP00000196
TMP00047960,1322,TMP00000196
TMP00047961,1322,TMP00000196
TMP00047962,1322,TMP00000196
TMP00047963,1322,TMP00000196
TMP00047964,1322,TMP00000196
TMP00047965,1322,TMP00000196
TMP00047966,1322,TMP00000196
TMP00047967,1322,TMP00000196
TMP00047968,1322,TMP00000196
TMP00047969,1322,TMP00000196
TMP00047970,1322,TMP00000196
TMP00047971,1322,TMP00000196
TMP00047972,1322,TMP00000196
TMP00047986,1322,TMP00000197
TMP00047989,1322,TMP00000197
TMP00047990,1322,TMP00000197
TMP00047993,1322,TMP00000197
TMP00047994,1322,TMP00000197
TMP00047995,1322,TMP00000197
TMP00047996,1322,TMP00000197
TMP00047997,1322,TMP00000197
TMP00047998,1322,TMP00000197
TMP00047999,1322,TMP00000197
TMP00048000,1322,TMP00000197
TMP00048001,1322,TMP00000197
TMP00048002,1322,TMP00000197
TMP00048003,1322,TMP00000197
TMP00048004,1322,TMP00000197
TMP00048005,1322,TMP00000197
TMP00048006,1322,TMP00000197
TMP00048007,1322,TMP00000197
TMP00048008,1322,TMP00000197
TMP00048009,1322,TMP00000197
TMP00048010,1322,TMP00000197
TMP00048011,1322,TMP00000197
TMP00048012,1322,TMP00000197
TMP00048013,1322,TMP00000197
TMP00048014,1322,TMP00000197
TMP00048015,1322,TMP00000197
TMP00048016,1322,TMP00000197
TMP00048017,1322,TMP00000197
TMP00048018,1322,TMP00000197
TMP00048019,1322,TMP00000197
TMP00048020,1322,TMP00000197
TMP00048021,1322,TMP00000197
TMP00048022,1322,TMP00000197
TMP00048023,1322,TMP00000197
TMP00048024,1322,TMP00000197
TMP00048025,1322,TMP00000197
TMP00048026,1322,TMP00000197
TMP00048027,1322,TMP00000197
TMP00048028,1322,TMP00000197
TMP00048029,1322,TMP00000197
TMP00048030,1322,TMP00000197
TMP00048031,1322,TMP00000197
TMP00048032,1322,TMP00000197
TMP00048033,1322,TMP00000197
TMP00048034,1322,TMP00000197
TMP00048035,1322,TMP00000190
TMP00048036,1322,TMP00000190
TMP00048037,1322,TMP00000190
TMP00048040,1322,TMP00000190
TMP00048044,1322,TMP00000196
TMP00048045,1322,TMP00000196
TMP00048049,1322,TMP00000196
TMP00048050,1322,TMP00000196
TMP00048051,1322,TMP00000196
TMP00048052,1322,TMP00000196
TMP00048053,1322,TMP00000196
TMP00048054,1322,TMP00000196
TMP00048055,1322,TMP00000196
TMP00048056,1322,TMP00000196
TMP00048057,1322,TMP00000196
TMP00048058,1322,TMP00000196
TMP00048059,1322,TMP00000196
TMP00048060,1322,TMP00000196
TMP00048061,1322,TMP00000196
TMP00048062,1322,TMP00000196
TMP00048063,1322,TMP00000196
TMP00048064,1322,TMP00000196
TMP00048065,1322,TMP00000196
TMP00048066,1322,TMP00000196
TMP00048067,1322,TMP00000196
TMP00048068,1322,TMP00000196
TMP00048069,1322,TMP00000196
TMP00048070,1322,TMP00000196
TMP00048071,1322,TMP00000196
TMP00048072,1322,TMP00000196
TMP00048073,1322,TMP00000196
TMP00048074,1322,TMP00000196
TMP00048075,1322,TMP00000196
TMP00048076,1322,TMP00000196
TMP00048077,1322,TMP00000190
TMP00048078,1322,TMP00000190
TMP00048079,1322,TMP00000190
TMP00048136,1323,TMP00000191
TMP00048137,1323,TMP00000191
TMP00048171,1323,TMP00000191
TMP00048172,1323,TMP00000191
TMP00048173,1323,TMP00000191
TMP00048174,1323,TMP00000191
TMP00048175,1323,TMP00000191
TMP00048176,1323,TMP00000191
TMP00048177,1323,TMP00000191
TMP00048178,1323,TMP00000191
TMP00048179,1323,TMP00000191
TMP00048180,1323,TMP00000191
TMP00048181,1323,TMP00000191
TMP00048182,1323,TMP00000191
TMP00048183,1323,TMP00000191
TMP00048184,1323,TMP00000191
TMP00048185,1323,TMP00000191
TMP00048187,1323,TMP00000194
TMP00048188,1323,TMP00000194
TMP00048189,1323,TMP00000194
TMP00048190,1323,TMP00000194
TMP00048191,1323,TMP00000194
TMP00048192,1323,TMP00000194
TMP00048193,1323,TMP00000194
TMP00048194,1323,TMP00000194
TMP00048195,1323,TMP00000194
TMP00048196,1323,TMP00000194
TMP00048197,1323,TMP00000194
TMP00048198,1323,TMP00000194
TMP00048199,1323,TMP00000194
TMP00048200,1323,TMP00000194
TMP00048203,1323,TMP00000191
TMP00048204,1323,TMP00000191
TMP00048205,1323,TMP00000191
TMP00048206,1323,TMP00000191
TMP00048207,1323,TMP00000191
TMP00048208,1323,TMP00000191
TMP00048209,1323,TMP00000191
TMP00048210,1323,TMP00000191
TMP00048211,1323,TMP00000191
TMP00048212,1323,TMP00000191
TMP00048213,1323,TMP00000191
TMP00048214,1323,TMP00000191
TMP00048215,1323,TMP00000190
TMP00048216,1323,TMP00000190
TMP00048217,1323,TMP00000190
TMP00048218,1323,TMP00000190
TMP00048219,1323,TMP00000190
TMP00048229,1323,TMP00000193
TMP00048230,1323,TMP00000193
TMP00048231,1323,TMP00000193
TMP00048232,1323,TMP00000193
TMP00048233,1323,TMP00000193
TMP00048234,1323,TMP00000193
TMP00048235,1323,TMP00000193
TMP00048236,1323,TMP00000193
TMP00048237,1323,TMP00000192
TMP00048238,1323,TMP00000192
TMP00048239,1323,TMP00000192
TMP00048240,1323,TMP00000192
TMP00048241,1323,TMP00000192
TMP00048242,1323,TMP00000192
TMP00048243,1323,TMP00000192
TMP00048244,1323,TMP00000192
TMP00048245,1323,TMP00000192
TMP00048246,1323,TMP00000192
TMP00048247,1323,TMP00000192
TMP00048248,1323,TMP00000192
TMP00048249,1323,TMP00000192
TMP00048250,1323,TMP00000192
TMP00048251,1323,TMP00000192
TMP00048252,1323,TMP00000192
TMP00048253,1323,TMP00000193
TMP00048254,1323,TMP00000193
TMP00048255,1323,TMP00000193
TMP00048256,1323,TMP00000193
TMP00048257,1323,TMP00000193
TMP00048258,1323,TMP00000193
TMP00048259,1323,TMP00000193
TMP00048260,1323,TMP00000193
TMP00048289,1323,TMP00000192
TMP00048290,1323,TMP00000192
TMP00048291,1323,TMP00000192
TMP00048292,1323,TMP00000192
TMP00048293,1323,TMP00000192
TMP00048294,1323,TMP00000192
TMP00048295,1323,TMP00000192
TMP00048296,1323,TMP00000192
TMP00048297,1323,TMP00000192
TMP00048298,1323,TMP00000192
TMP00048299,1323,TMP00000192
TMP00048300,1323,TMP00000192
TMP00048301,1323,TMP00000192
TMP00048302,1323,TMP00000192
TMP00048303,1323,TMP00000192
TMP00048304,1323,TMP00000192
TMP00048332,1323,TMP00000195
TMP00048333,1323,TMP00000195
TMP00048334,1323,TMP00000195
TMP00048335,1323,TMP00000195
TMP00048336,1323,TMP00000195
TMP00048337,1323,TMP00000195
TMP00048338,1323,TMP00000195
TMP00048339,1323,TMP00000195
TMP00048340,1323,TMP00000195
TMP00048341,1323,TMP00000195
TMP00048342,1323,TMP00000195
TMP00048343,1323,TMP00000195
TMP00048344,1323,TMP00000195
TMP00048345,1323,TMP00000195
TMP00048346,1323,TMP00000195
TMP00048347,1323,TMP00000195
TMP00048348,1323,TMP00000195
TMP00048349,1323,TMP00000195
TMP00048350,1323,TMP00000195
TMP00048351,1323,TMP00000195
TMP00048352,1323,TMP00000195
TMP00048353,1323,TMP00000195
TMP00048354,1323,TMP00000195
TMP00048355,1323,TMP00000195
TMP00048356,1323,TMP00000195
TMP00048357,1323,TMP00000195
TMP00048358,1323,TMP00000195
TMP00048359,1323,TMP00000195
TMP00048360,1323,TMP00000195
TMP00048361,1323,TMP00000195
TMP00048363,1323,TMP00000191
TMP00048364,1323,TMP00000191
TMP00048365,1323,TMP00000191
TMP00048366,1323,TMP00000191
TMP00048367,1323,TMP00000191
TMP00048368,1323,TMP00000191
TMP00048369,1323,TMP00000191
TMP00048370,1323,TMP00000191
TMP00048371,1323,TMP00000191
TMP00048372,1323,TMP00000191
TMP00048373,1323,TMP00000191
TMP00048374,1323,TMP00000191
TMP00048375,1323,TMP00000191
TMP00048376,1323,TMP00000191
TMP00048377,1323,TMP00000191
TMP00048378,1323,TMP00000191
TMP00048379,1323,TMP00000191
TMP00048380,1323,TMP00000191
TMP00048381,1323,TMP00000191
TMP00048382,1323,TMP00000191
TMP00048406,1323,TMP00000196
TMP00048407,1323,TMP00000196
TMP00048408,1323,TMP00000196
TMP00048409,1323,TMP00000196
TMP00048410,1323,TMP00000196
TMP00048411,1323,TMP00000196
TMP00048412,1323,TMP00000196
TMP00048413,1323,TMP00000196
TMP00048414,1323,TMP00000196
TMP00048415,1323,TMP00000196
TMP00048416,1323,TMP00000196
TMP00048417,1323,TMP00000196
TMP00048418,1323,TMP00000196
TMP00048419,1323,TMP00000196
TMP00048420,1323,TMP00000196
TMP00048421,1323,TMP00000196
TMP00048422,1323,TMP00000196
TMP00048423,1323,TMP00000196
TMP00048424,1323,TMP00000196
TMP00048425,1323,TMP00000196
TMP00048456,1323,TMP00000196
TMP00048457,1323,TMP00000196
TMP00048458,1323,TMP00000196
TMP00048459,1323,TMP00000196
TMP00048460,1323,TMP00000196
TMP00048461,1323,TMP00000196
TMP00048462,1323,TMP00000196
TMP00048463,1323,TMP00000196
TMP00048464,1323,TMP00000196
TMP00048465,1323,TMP00000196
TMP00048466,1323,TMP00000196
TMP00048467,1323,TMP00000196
TMP00048468,1323,TMP00000196
TMP00048469,1323,TMP00000196
TMP00048496,1323,TMP00000197
TMP00048497,1323,TMP00000197
TMP00048498,1323,TMP00000197
TMP00048499,1323,TMP00000197
TMP00048500,1323,TMP00000197
TMP00048501,1323,TMP00000197
TMP00048502,1323,TMP00000197
TMP00048503,1323,TMP00000197
TMP00048504,1323,TMP00000197
TMP00048505,1323,TMP00000197
TMP00048506,1323,TMP00000197
TMP00048507,1323,TMP00000197
TMP00048508,1323,TMP00000197
TMP00048509,1323,TMP00000197
TMP00048510,1323,TMP00000197
TMP00048511,1323,TMP00000197
TMP00048512,1323,TMP00000197
TMP00048513,1323,TMP00000197
TMP00048514,1323,TMP00000197
TMP00048515,1323,TMP00000197
TMP00048516,1323,TMP00000197
TMP00048517,1323,TMP00000197
TMP00048518,1323,TMP00000197
TMP00048519,1323,TMP00000197
TMP00048520,1323,TMP00000197
TMP00048521,1323,TMP00000197
TMP00048522,1323,TMP00000197
TMP00048523,1323,TMP00000197
TMP00048524,1323,TMP00000197
TMP00048525,1323,TMP00000197
TMP00048526,1323,TMP00000190
TMP00048539,1323,TMP00000190
TMP00048540,1323,TMP00000190
TMP00048541,1323,TMP00000190
TMP00048542,1323,TMP00000190
TMP00048543,1323,TMP00000190
TMP00048544,1323,TMP00000190
TMP00048545,1323,TMP00000190
TMP00048546,1323,TMP00000190
TMP00048547,1323,TMP00000190
TMP00048548,1323,TMP00000190
TMP00048549,1323,TMP00000190
TMP00048550,1323,TMP00000190
TMP00048551,1323,TMP00000190
TMP00048552,1323,TMP00000190
TMP00048557,1323,TMP00000190
TMP00048558,1323,TMP00000190
TMP00048559,1323,TMP00000190
TMP00048560,1323,TMP00000190
TMP00048561,1323,TMP00000190
TMP00048562,1323,TMP00000190
TMP00048563,1323,TMP00000190
TMP00048564,1323,TMP00000190
TMP00048565,1323,TMP00000190
TMP00048566,1323,TMP00000190
TMP00048567,1323,TMP00000190
TMP00048568,1323,TMP00000190
TMP00048575,1323,TMP00000196
TMP00048576,1323,TMP00000196
TMP00048577,1323,TMP00000196
TMP00048578,1323,TMP00000196
TMP00048579,1323,TMP00000196
TMP00048580,1323,TMP00000196
TMP00048581,1323,TMP00000196
TMP00048582,1323,TMP00000196
TMP00048583,1323,TMP00000196
TMP00048584,1323,TMP00000196
TMP00048585,1323,TMP00000196
TMP00048586,1323,TMP00000196
TMP00048587,1323,TMP00000196
TMP00048588,1323,TMP00000196
TMP00048589,1323,TMP00000196
TMP00048590,1323,TMP00000196
TMP00048591,1323,TMP00000196
TMP00048592,1323,TMP00000196
TMP00048593,1323,TMP00000196
TMP00048594,1323,TMP00000196
TMP00048595,1323,TMP00000196
TMP00048596,1323,TMP00000196
TMP00048597,1323,TMP00000190
TMP00048598,1323,TMP00000190
TMP00048619,1301,TMP00000190
TMP00048624,1301,TMP00000193
TMP00048626,1301,TMP00000191
TMP00048629,1301,TMP00000190
TMP00048630,1301,TMP00000190
TMP00048631,1301,TMP00000193
TMP00048634,1301,TMP00000194
TMP00048637,1301,TMP00000191
TMP00048638,1301,TMP00000194
TMP00048639,1301,TMP00000194
TMP00048640,1301,TMP00000190
TMP00048642,1301,TMP00000193
TMP00048643,1301,TMP00000192
TMP00048644,1301,TMP00000192
TMP00048645,1301,TMP00000192
TMP00048646,1301,TMP00000192
TMP00048651,1301,TMP00000195
TMP00048652,1301,TMP00000195
TMP00048653,1301,TMP00000195
TMP00048654,1301,TMP00000191
TMP00048658,1301,TMP00000196
TMP00048659,1301,TMP00000196
TMP00048660,1301,TMP00000196
TMP00048661,1301,TMP00000196
TMP00048664,1301,TMP00000197
TMP00048665,1301,TMP00000197
TMP00048666,1301,TMP00000197
TMP00048667,1301,TMP00000196
TMP00048668,1301,TMP00000196
TMP00048669,,
TMP00048670,1312,TMP00000199
TMP00048671,1312,TMP00000198
TMP00048672,1402,TMP00000190
TMP00048673,1402,TMP00000190
TMP00048674,1402,TMP00000193
TMP00048675,1402,TMP00000193
TMP00048676,1402,TMP00000193
TMP00048677,1402,TMP00000193
TMP00048678,1402,TMP00000191
TMP00048679,1402,TMP00000191
TMP00048680,1402,TMP00000190
TMP00048683,1402,TMP00000191
TMP00048684,1402,TMP00000191
TMP00048685,1402,TMP00000194
TMP00048686,1402,TMP00000194
TMP00048687,1402,TMP00000192
TMP00048688,1402,TMP00000192
TMP00048689,1402,TMP00000192
TMP00048690,1402,TMP00000192
TMP00048691,1402,TMP00000192
TMP00048692,1402,TMP00000192
TMP00048693,1402,TMP00000195
TMP00048694,1402,TMP00000195
TMP00048695,1402,TMP00000195
TMP00048696,1402,TMP00000195
TMP00048697,1402,TMP00000191
TMP00048698,1402,TMP00000191
TMP00048699,1402,TMP00000196
TMP00048700,1402,TMP00000196
TMP00048701,1402,TMP00000196
TMP00048702,,
TMP00048703,,
TMP00048704,1402,TMP00000196
TMP00048705,1402,TMP00000196
TMP00048706,1401,TMP00000196
TMP00048707,1402,TMP00000197
TMP00048708,1402,TMP00000197
TMP00048709,1402,TMP00000197
TMP00048710,1402,TMP00000197
TMP00048711,1402,TMP00000190
TMP00048712,1402,TMP00000196
TMP00048713,1402,TMP00000196
TMP00048714,1402,TMP00000196
TMP00048715,1402,TMP00000196
