EQUIP_ID,EQUIP_NAME,FEEDER_ID,DSUBSTATION_ID,HAS_SOURCE,SOURCE_TYPE
TMP00016059,馈线段XX,TMP00000013,TMP00003683,1,MAIN_BUS
TMP00016124,馈线段XX,TMP00000015,TMP00003683,1,MAIN_BUS
TMP00016127,馈线段XX,TMP00000017,TMP00003683,1,MAIN_BUS
TMP00016129,馈线段XX,TMP00000018,TMP00003683,1,MAIN_BUS
TMP00016134,馈线段XX,TMP00000019,TMP00003683,1,MAIN_BUS
TMP00016144,馈线段XX,TMP00000021,TMP00003683,1,MAIN_BUS
TMP00016263,馈线段XX,TMP00000014,TMP00003683,1,MAIN_BUS
TMP00016290,馈线段XX,TMP00000024,TMP00003683,1,MAIN_BUS
TMP00016339,馈线段XX,TMP00000008,TMP00003683,1,MAIN_BUS
TMP00016450,馈线段XX,TMP00000027,TMP00003683,1,MAIN_BUS
TMP00016458,馈线段XX,TMP00000028,TMP00003683,1,MAIN_BUS
TMP00017428,馈线段XX,TMP00000033,TMP00003683,1,MAIN_BUS
TMP00017473,馈线段XX,TMP00000002,TMP00003683,1,MAIN_BUS
TMP00017598,馈线段XX,TMP00000041,TMP00003683,1,MAIN_BUS
TMP00017605,馈线段XX,TMP00000044,TMP00003683,1,MAIN_BUS
TMP00017607,馈线段XX,TMP00000025,TMP00003683,1,MAIN_BUS
TMP00017613,馈线段XX,TMP00000026,TMP00003683,1,MAIN_BUS
TMP00017637,馈线段XX,TMP00000048,TMP00003683,1,MAIN_BUS
TMP00017787,馈线段XX,TMP00000136,TMP00003683,1,MAIN_BUS
TMP00017872,馈线段XX,TMP00000051,TMP00003683,1,MAIN_BUS
TMP00017966,馈线段XX,TMP00000040,TMP00003683,1,MAIN_BUS
TMP00018166,馈线段XX,TMP00000052,TMP00003683,1,MAIN_BUS
TMP00018194,馈线段XX,TMP00000054,TMP00003683,1,MAIN_BUS
TMP00018239,馈线段XX,TMP00000056,TMP00003683,1,MAIN_BUS
TMP00018275,馈线段XX,TMP00000045,TMP00003683,1,MAIN_BUS
TMP00018375,馈线段XX,TMP00000009,TMP00003683,1,MAIN_BUS
TMP00018386,馈线段XX,TMP00000058,TMP00003683,1,MAIN_BUS
TMP00018392,馈线段XX,TMP00000059,TMP00003683,1,MAIN_BUS
TMP00018410,馈线段XX,TMP00000060,TMP00003683,1,MAIN_BUS
TMP00018488,馈线段XX,TMP00000063,TMP00003683,1,MAIN_BUS
TMP00018525,馈线段XX,TMP00000064,TMP00003683,1,MAIN_BUS
TMP00018600,馈线段XX,TMP00000050,TMP00003683,1,MAIN_BUS
TMP00018602,馈线段XX,TMP00000065,TMP00003683,1,MAIN_BUS
TMP00018603,馈线段XX,TMP00000066,TMP00003683,1,MAIN_BUS
TMP00018633,馈线段XX,TMP00000042,TMP00003683,1,MAIN_BUS
TMP00018722,馈线段XX,TMP00000001,TMP00003683,1,MAIN_BUS
TMP00018807,馈线段XX,TMP00000006,TMP00003683,1,MAIN_BUS
TMP00018915,馈线段XX,TMP00000047,TMP00003683,1,MAIN_BUS
TMP00018935,馈线段XX,TMP00000068,TMP00003683,1,MAIN_BUS
TMP00018977,馈线段XX,TMP00000055,TMP00003683,1,MAIN_BUS
TMP00019031,馈线段XX,TMP00000007,TMP00003683,1,MAIN_BUS
TMP00019254,馈线段XX,TMP00000034,TMP00003683,1,MAIN_BUS
TMP00019269,馈线段XX,TMP00000071,TMP00003683,1,MAIN_BUS
TMP00019276,馈线段XX,TMP00000039,TMP00003683,1,MAIN_BUS
TMP00019304,馈线段XX,TMP00000072,TMP00003683,1,MAIN_BUS
TMP00019339,馈线段XX,TMP00000125,TMP00003683,1,MAIN_BUS
TMP00019379,馈线段XX,TMP00000074,TMP00003683,1,MAIN_BUS
TMP00019398,馈线段XX,TMP00000075,TMP00003683,1,MAIN_BUS
TMP00019424,馈线段XX,TMP00000067,TMP00003683,1,MAIN_BUS
TMP00019562,馈线段XX,TMP00000070,TMP00003683,1,MAIN_BUS
TMP00019585,馈线段XX,TMP00000076,TMP00003683,1,MAIN_BUS
TMP00019594,馈线段XX,TMP00000077,TMP00003683,1,MAIN_BUS
TMP00019613,馈线段XX,TMP00000016,TMP00003683,1,MAIN_BUS
TMP00019646,馈线段XX,TMP00000011,TMP00003683,1,MAIN_BUS
TMP00019731,馈线段XX,TMP00000038,TMP00003683,1,MAIN_BUS
TMP00019836,馈线段XX,TMP00000078,TMP00003683,1,MAIN_BUS
TMP00019987,馈线段XX,TMP00000082,TMP00003683,1,MAIN_BUS
TMP00020125,馈线段XX,TMP00000081,TMP00003683,1,MAIN_BUS
TMP00020195,馈线段XX,TMP00000084,TMP00003683,1,MAIN_BUS
TMP00020256,馈线段XX,TMP00000101,TMP00003683,1,MAIN_BUS
TMP00020467,馈线段XX,TMP00000144,TMP00003683,1,MAIN_BUS
TMP00020585,馈线段XX,TMP00000085,TMP00003683,1,MAIN_BUS
TMP00020794,馈线段XX,TMP00000102,TMP00003683,1,MAIN_BUS
TMP00020803,馈线段XX,TMP00000118,TMP00003683,1,MAIN_BUS
TMP00021337,馈线段XX,TMP00000089,TMP00003683,1,MAIN_BUS
TMP00021617,馈线段XX,TMP00000088,TMP00003683,1,MAIN_BUS
TMP00021624,馈线段XX,TMP00000142,TMP00003683,1,MAIN_BUS
TMP00021653,馈线段XX,TMP00000141,TMP00003683,1,MAIN_BUS
TMP00021847,馈线段XX,TMP00000090,TMP00003683,1,MAIN_BUS
TMP00021850,馈线段XX,TMP00000145,TMP00003683,1,MAIN_BUS
TMP00021986,馈线段XX,TMP00000092,TMP00003683,1,MAIN_BUS
TMP00022074,馈线段XX,TMP00000093,TMP00003683,1,MAIN_BUS
TMP00022083,馈线段XX,TMP00000094,TMP00003683,1,MAIN_BUS
TMP00022254,馈线段XX,TMP00000099,TMP00003683,1,MAIN_BUS
TMP00022274,馈线段XX,TMP00000091,TMP00003683,1,MAIN_BUS
TMP00022283,馈线段XX,TMP00000104,TMP00003683,1,MAIN_BUS
TMP00023234,馈线段XX,TMP00000105,TMP00003683,1,MAIN_BUS
TMP00024043,馈线段XX,TMP00000106,TMP00003683,1,MAIN_BUS
TMP00024461,馈线段XX,TMP00000115,TMP00003683,1,MAIN_BUS
TMP00024462,馈线段XX,TMP00000117,TMP00003683,1,MAIN_BUS
TMP00024478,馈线段XX,TMP00000116,TMP00003683,1,MAIN_BUS
TMP00024667,馈线段XX,TMP00000119,TMP00003683,1,MAIN_BUS
TMP00024966,馈线段XX,TMP00000124,TMP00003683,1,MAIN_BUS
TMP00024977,馈线段XX,TMP00000120,TMP00003683,1,MAIN_BUS
TMP00025404,馈线段XX,TMP00000086,TMP00003683,1,MAIN_BUS
TMP00025418,馈线段XX,TMP00000126,TMP00003683,1,MAIN_BUS
TMP00025419,馈线段XX,TMP00000127,TMP00003683,1,MAIN_BUS
TMP00025425,馈线段XX,TMP00000128,TMP00003683,1,MAIN_BUS
TMP00025875,馈线段XX,TMP00000129,TMP00003683,1,MAIN_BUS
TMP00025940,馈线段XX,TMP00000073,TMP00003683,1,MAIN_BUS
TMP00025974,馈线段XX,TMP00000010,TMP00003683,1,MAIN_BUS
TMP00025994,馈线段XX,TMP00000003,TMP00003683,1,MAIN_BUS
TMP00026096,馈线段XX,TMP00000133,TMP00003683,1,MAIN_BUS
TMP00026269,馈线段XX,TMP00000134,TMP00003683,1,MAIN_BUS
TMP00026308,馈线段XX,TMP00000137,TMP00003683,1,MAIN_BUS
TMP00026454,馈线段XX,TMP00000138,TMP00003683,1,MAIN_BUS
TMP00026521,馈线段XX,TMP00000139,TMP00003683,1,MAIN_BUS
TMP00026949,馈线段XX,TMP00000062,TMP00003683,1,MAIN_BUS
TMP00028482,馈线段XX,TMP00000149,TMP00003683,1,MAIN_BUS
TMP00028852,馈线段XX,TMP00000179,TMP00003683,1,MAIN_BUS
TMP00029133,馈线段XX,TMP00000147,TMP00003683,1,MAIN_BUS
TMP00029452,馈线段XX,TMP00000151,TMP00003683,1,MAIN_BUS
TMP00029623,馈线段XX,TMP00000020,TMP00003683,1,MAIN_BUS
TMP00029655,馈线段XX,TMP00000036,TMP00003683,1,MAIN_BUS
TMP00030052,馈线段XX,TMP00000153,TMP00003683,1,MAIN_BUS
TMP00030120,馈线段XX,TMP00000103,TMP00003683,1,MAIN_BUS
TMP00030167,馈线段XX,TMP00000043,TMP00003683,1,MAIN_BUS
TMP00030314,馈线段XX,TMP00000155,TMP00003683,1,MAIN_BUS
TMP00030361,馈线段XX,TMP00000156,TMP00003683,1,MAIN_BUS
TMP00030369,馈线段XX,TMP00000160,TMP00003683,1,MAIN_BUS
TMP00030403,馈线段XX,TMP00000159,TMP00003683,1,MAIN_BUS
TMP00030672,馈线段XX,TMP00000121,TMP00003683,1,MAIN_BUS
TMP00030690,馈线段XX,TMP00000005,TMP00003683,1,MAIN_BUS
TMP00030696,馈线段XX,TMP00000165,TMP00003683,1,MAIN_BUS
TMP00030716,馈线段XX,TMP00000162,TMP00003683,1,MAIN_BUS
TMP00031006,馈线段XX,TMP00000168,TMP00003683,1,MAIN_BUS
TMP00031076,馈线段XX,TMP00000175,TMP00003683,1,MAIN_BUS
TMP00031160,馈线段XX,TMP00000032,TMP00003683,1,MAIN_BUS
TMP00031372,馈线段XX,TMP00000173,TMP00003683,1,MAIN_BUS
TMP00031388,馈线段XX,TMP00000172,TMP00003683,1,MAIN_BUS
TMP00031398,馈线段XX,TMP00000171,TMP00003683,1,MAIN_BUS
TMP00031444,馈线段XX,TMP00000177,TMP00003683,1,MAIN_BUS
TMP00031683,馈线段XX,TMP00000164,TMP00003683,1,MAIN_BUS
TMP00031777,馈线段XX,TMP00000180,TMP00003683,1,MAIN_BUS
TMP00031889,馈线段XX,TMP00000004,TMP00003683,1,MAIN_BUS
TMP00031918,馈线段XX,TMP00000109,TMP00003683,1,MAIN_BUS
TMP00031986,馈线段XX,TMP00000181,TMP00003683,1,MAIN_BUS
TMP00032010,馈线段XX,TMP00000046,TMP00003683,1,MAIN_BUS
TMP00032062,馈线段XX,TMP00000183,TMP00003683,1,MAIN_BUS
TMP00032186,馈线段XX,TMP00000185,TMP00003683,1,MAIN_BUS
TMP00032201,馈线段XX,TMP00000186,TMP00003683,1,MAIN_BUS
